Date,Time,CO,PT08_S1,NMHC,C6H6,PT08_S2,NOx,PT08_S3,NO2,PT08_S4,PT08_S5,T,RH,AH
2005-02-16,17:00:00,1.6,1083,-200,7,856,252,720,148,1010,975,8.2,41.8,0.4563
2005-02-16,18:00:00,2.2,1143,-200,9.5,960,313,641,153,1110,1136,7.4,44.5,0.4582
2005-02-16,19:00:00,3.4,1288,-200,15.9,1178,433,539,171,1300,1434,7,43.4,0.4366
2005-02-16,20:00:00,5.6,1464,-200,24.7,1421,611,457,227,1542,1746,6.6,43.4,0.4241
2005-02-16,21:00:00,5.2,1341,-200,16.8,1204,626,534,251,1294,1592,5.9,44.3,0.4137
2005-02-16,22:00:00,2.8,1177,-200,10.7,1004,408,640,216,1111,1341,5,46.6,0.4099
2005-02-16,23:00:00,2.4,1089,-200,8.3,913,357,712,200,1016,1208,5.8,40.3,0.374
2005-02-17,0:00:00,2.7,1196,-200,11,1014,375,643,192,1101,1334,5.4,43.8,0.3945
2005-02-17,1:00:00,2.6,1107,-200,7.4,874,326,721,187,984,1208,5.7,42.1,0.3883
2005-02-17,2:00:00,2.3,1102,-200,7.9,897,326,715,173,1024,1196,5.7,42.1,0.3885
2005-02-17,3:00:00,1,993,-200,3.6,688,-200,847,-200,874,931,5.8,42.9,0.399
2005-02-17,4:00:00,0.6,912,-200,1.7,559,72,1016,64,837,656,5.7,46.6,0.4298
2005-02-17,5:00:00,0.5,883,-200,1,496,49,1140,46,804,478,6.9,45,0.4499
2005-02-17,6:00:00,0.5,893,-200,1.1,507,59,1111,51,794,489,6.9,42.2,0.4224
2005-02-17,7:00:00,1,1033,-200,4,711,220,893,115,935,893,6.4,43.8,0.423
2005-02-17,8:00:00,2.6,1222,-200,9.7,966,602,636,238,1134,1322,6.6,44.6,0.4383
2005-02-17,9:00:00,2.7,1190,-200,10.6,1000,485,624,202,1152,1280,7.7,42.1,0.444
2005-02-17,10:00:00,1.8,1035,-200,5.4,783,295,794,167,969,943,10.1,36.7,0.4536
2005-02-17,11:00:00,1.2,990,-200,3.9,705,217,873,139,913,772,9,41.4,0.4775
2005-02-17,12:00:00,1.3,1011,-200,4.4,732,236,830,147,944,826,8.7,42.5,0.4787
2005-02-17,13:00:00,1.4,1041,-200,5,763,196,790,130,1003,808,8.3,47.8,0.5238
2005-02-17,14:00:00,1.8,1086,-200,6.8,850,233,723,143,1072,901,8.9,45.5,0.5208
2005-02-17,15:00:00,1.3,1021,-200,4.8,755,207,807,143,980,763,8.9,46.1,0.5256
2005-02-17,16:00:00,1.4,1014,-200,5,761,198,806,136,972,722,9,44.9,0.5173
2005-02-17,17:00:00,1.4,1023,-200,5.2,771,212,807,143,982,735,9.3,42.3,0.4974
2005-02-17,18:00:00,2.4,1172,-200,10,977,280,657,177,1160,1047,8.4,45.2,0.4977
2005-02-17,19:00:00,2.8,1172,-200,11.1,1017,315,623,198,1185,1163,7.6,47.8,0.5013
2005-02-17,20:00:00,3.3,1219,-200,12.9,1081,378,590,200,1246,1244,7.4,47.2,0.4871
2005-02-17,21:00:00,2.5,1106,-200,7.8,891,320,708,191,1058,1025,7.4,46.9,0.4854
2005-02-17,22:00:00,2.1,1078,-200,6.3,824,265,759,169,1016,982,6.9,48.2,0.4832
2005-02-17,23:00:00,1.2,939,-200,2.8,637,129,960,106,883,607,7.1,47.9,0.4867
2005-02-18,0:00:00,1.2,975,-200,3.3,670,129,943,105,910,616,6.9,48.7,0.4874
2005-02-18,1:00:00,1.3,958,-200,3.1,660,172,935,130,905,654,6.8,48.2,0.4792
2005-02-18,2:00:00,1,921,-200,2.1,594,100,1025,82,867,479,6.3,49.6,0.4787
2005-02-18,3:00:00,0.8,931,-200,1.9,580,-200,983,-200,863,487,5.6,52.9,0.4855
2005-02-18,4:00:00,-200,874,-200,0.7,472,49,1179,45,803,382,6.4,49.8,0.4814
2005-02-18,5:00:00,0.4,872,-200,0.8,476,36,1249,35,794,350,6.9,48.1,0.4796
2005-02-18,6:00:00,0.5,904,-200,1.3,530,79,1079,60,846,438,6.4,50.2,0.485
2005-02-18,7:00:00,0.7,951,-200,1.8,568,128,1021,90,888,578,6.4,50.7,0.4886
2005-02-18,8:00:00,2.1,1183,-200,7.9,896,456,673,205,1115,1140,6.9,48.8,0.4903
2005-02-18,9:00:00,2.5,1187,-200,9.8,970,477,625,199,1174,1203,8.4,44.6,0.4922
2005-02-18,10:00:00,2,1072,-200,7.4,874,342,715,153,1033,1000,10.8,37.1,0.4794
2005-02-18,11:00:00,1.4,1011,-200,5.3,780,254,805,163,964,806,11.2,36.2,0.4818
2005-02-18,12:00:00,1.3,997,-200,4.8,752,231,837,152,952,724,11.8,34.4,0.4758
2005-02-18,13:00:00,1.4,989,-200,5.6,791,213,804,146,953,690,11.5,33.1,0.4479
2005-02-18,14:00:00,1.6,1006,-200,6.6,837,208,775,146,971,757,10.9,32.6,0.426
2005-02-18,15:00:00,1.7,1016,-200,6.7,845,270,771,134,987,818,11.3,31.7,0.4249
2005-02-18,16:00:00,1.8,1069,-200,8.4,918,276,724,164,1045,936,11.6,30.9,0.4223
2005-02-18,17:00:00,2.4,1109,-200,10.3,989,375,664,141,1096,1133,11.1,32.2,0.4243
2005-02-18,18:00:00,2.8,1182,-200,12.6,1071,395,617,204,1187,1298,9.7,36,0.4333
2005-02-18,19:00:00,3.3,1253,-200,16,1179,421,573,210,1268,1387,8.5,39,0.4336
2005-02-18,20:00:00,4.8,1288,-200,17.6,1228,632,549,250,1333,1502,8.3,40.3,0.4411
2005-02-18,21:00:00,2.8,1153,-200,10.1,981,424,666,202,1097,1273,8,41.3,0.4448
2005-02-18,22:00:00,2.4,1161,-200,9.8,969,369,677,190,1111,1271,7,44.2,0.4446
2005-02-18,23:00:00,2.9,1271,-200,11.5,1031,484,618,236,1138,1464,5.4,51.8,0.4698
2005-02-19,0:00:00,2.7,1156,-200,8.2,909,456,684,250,1023,1384,4.1,55,0.4558
2005-02-19,1:00:00,2.1,1106,-200,6.8,850,373,727,219,997,1281,3.1,57.8,0.4462
2005-02-19,2:00:00,1.5,1008,-200,4.3,726,228,834,156,913,1083,3.1,56.7,0.4388
2005-02-19,3:00:00,1.2,966,-200,3.9,703,-200,865,-200,903,989,2.2,59.6,0.4333
2005-02-19,4:00:00,0.9,931,-200,2.6,627,117,948,98,860,911,2.3,58.9,0.4317
2005-02-19,5:00:00,0.8,922,-200,2.4,611,108,962,89,867,893,1.9,60,0.4276
2005-02-19,6:00:00,0.8,911,-200,2.3,606,126,950,104,866,894,1.9,60.3,0.4293
2005-02-19,7:00:00,1.1,993,-200,4.5,736,235,819,148,941,1018,0.9,64.6,0.4294
2005-02-19,8:00:00,1.9,1100,-200,8.5,919,339,678,194,1072,1191,0.6,65,0.4231
2005-02-19,9:00:00,2.5,1141,-200,9,940,399,651,231,1099,1285,2.1,59.9,0.4338
2005-02-19,10:00:00,2.2,1085,-200,5.7,800,346,750,200,983,1219,3.1,57.2,0.4402
2005-02-19,11:00:00,2.1,1153,-200,6.9,853,407,696,217,1027,1370,4.2,54,0.4483
2005-02-19,12:00:00,2.3,1122,-200,6.4,831,393,722,210,982,1317,7.4,43.8,0.4538
2005-02-19,13:00:00,1.2,992,-200,3.5,685,166,890,126,902,818,11.2,34.5,0.4586
2005-02-19,14:00:00,1.2,1018,-200,3.7,693,157,868,118,937,683,13.8,32.4,0.5084
2005-02-19,15:00:00,1.1,981,-200,2.9,649,141,924,114,901,573,12.4,34.9,0.5002
2005-02-19,16:00:00,1.1,988,-200,3.4,679,144,905,117,911,595,12.8,31.9,0.4684
2005-02-19,17:00:00,1.4,1059,-200,5.3,777,191,797,140,969,774,13.5,29.1,0.4486
2005-02-19,18:00:00,1.7,1110,-200,7.3,870,255,708,168,1057,1059,11.6,33.3,0.454
2005-02-19,19:00:00,2.5,1204,-200,10,979,379,639,202,1147,1326,10.9,34.9,0.4568
2005-02-19,20:00:00,2.7,1275,-200,12.3,1061,427,593,211,1203,1494,10.4,37.3,0.4708
2005-02-19,21:00:00,3.1,1297,-200,11.8,1044,509,600,231,1185,1559,9.7,39.7,0.4792
2005-02-19,22:00:00,2.8,1277,-200,10.4,991,459,609,214,1141,1575,9.1,41.9,0.4857
2005-02-19,23:00:00,1.9,1207,-200,7.7,888,293,664,181,1062,1447,9.3,41.9,0.4927
2005-02-20,0:00:00,1.9,1222,-200,7.5,880,269,684,173,1083,1367,9.4,44.7,0.5279
2005-02-20,1:00:00,1.7,1141,-200,6.1,816,244,745,169,1026,1230,8.5,45.8,0.5108
2005-02-20,2:00:00,2.2,1228,-200,8.3,913,293,643,174,1124,1396,7.8,50,0.53
2005-02-20,3:00:00,1.6,1120,-200,5.1,770,-200,756,-200,1012,1191,7.7,49.7,0.5242
2005-02-20,4:00:00,1.5,1067,-200,4.9,758,177,775,130,993,1009,8.2,46.9,0.5099
2005-02-20,5:00:00,0.8,947,-200,1.9,580,81,978,72,894,572,8.4,48.6,0.5375
2005-02-20,6:00:00,0.5,918,-200,1,501,42,1148,40,881,420,8,54.7,0.5883
2005-02-20,7:00:00,0.5,920,-200,1.1,506,61,1142,56,905,453,7.8,55.7,0.5914
2005-02-20,8:00:00,0.7,941,-200,1.5,541,101,1065,81,919,520,8,53.8,0.5796
2005-02-20,9:00:00,0.7,949,-200,1.6,552,98,1035,81,919,531,8.8,50.7,0.5752
2005-02-20,10:00:00,0.9,990,-200,2.3,604,114,944,88,947,579,10.1,47.6,0.587
2005-02-20,11:00:00,1,996,-200,2.5,620,118,928,94,946,570,10.6,45.8,0.5838
2005-02-20,12:00:00,1.1,1023,-200,2.5,623,120,916,97,976,571,9.1,56.2,0.6515
2005-02-20,13:00:00,1.1,1037,-200,2.8,636,151,891,112,1024,582,7.9,66.5,0.7124
2005-02-20,14:00:00,1,1017,-200,2.4,613,131,919,104,1007,551,8,65,0.6991
2005-02-20,15:00:00,1.1,1042,-200,3.3,671,145,861,107,1038,634,8.4,61,0.6721
2005-02-20,16:00:00,1.3,1037,-200,3.2,665,156,854,114,1013,633,8.6,57.3,0.6429
2005-02-20,17:00:00,1.2,1009,-200,2.8,640,151,915,115,996,613,8.4,56.3,0.6227
2005-02-20,18:00:00,1.3,1033,-200,3.4,675,173,853,127,1006,702,8,57.7,0.6222
2005-02-20,19:00:00,1.1,1016,-200,2.9,647,154,906,119,997,649,7.1,62.6,0.6341
2005-02-20,20:00:00,1.5,1076,-200,4.6,745,221,801,149,1040,841,7.4,59.3,0.6123
2005-02-20,21:00:00,1.4,1029,-200,3.8,699,193,851,140,1001,795,7.7,56.9,0.5994
2005-02-20,22:00:00,1.1,984,-200,3.1,661,130,898,105,965,638,7.7,54.4,0.5753
2005-02-20,23:00:00,1.3,1003,-200,3.7,694,156,876,116,976,663,7.7,53,0.5572
2005-02-21,0:00:00,1.4,1009,-200,3.3,671,148,877,112,1010,610,6.7,62.8,0.6188
2005-02-21,1:00:00,1.1,946,-200,2.1,588,93,1005,80,948,480,6.6,61.9,0.6056
2005-02-21,2:00:00,0.8,910,-200,1.2,518,66,1130,59,936,404,5.7,70.3,0.6498
2005-02-21,3:00:00,0.6,886,-200,0.7,464,-200,1273,-200,919,357,4.5,79.2,0.6751
2005-02-21,4:00:00,-200,879,-200,0.5,447,38,1317,36,910,348,4,81.5,0.6712
2005-02-21,5:00:00,0.5,907,-200,1,502,50,1129,49,947,399,3.9,81.5,0.6653
2005-02-21,6:00:00,0.6,949,-200,2.1,589,77,987,63,1001,464,3.3,84.3,0.6617
2005-02-21,7:00:00,1.2,1054,-200,5.5,786,183,766,123,1129,699,4.2,80.9,0.6742
2005-02-21,8:00:00,2.2,1214,-200,10.9,1010,256,609,164,1282,1006,5.1,75,0.6646
2005-02-21,9:00:00,2.9,1253,-200,13.3,1095,355,566,218,1375,1206,4.6,77.6,0.6651
2005-02-21,10:00:00,2.9,1197,-200,9.6,964,491,614,254,1260,1122,3.8,84.3,0.6811
2005-02-21,11:00:00,2,1156,-200,7,859,387,684,210,1196,1069,6.2,77.4,0.7383
2005-02-21,12:00:00,1.7,1132,-200,6.6,837,384,694,208,1199,1062,7.7,67.6,0.7133
2005-02-21,13:00:00,2.2,1207,-200,9.3,950,368,623,204,1303,1162,8.1,64.8,0.7039
2005-02-21,14:00:00,1.8,1127,-200,7.9,896,258,664,172,1227,1010,8.1,64,0.6942
2005-02-21,15:00:00,1.6,1112,-200,6.9,851,231,694,157,1184,931,6.9,71.3,0.7118
2005-02-21,16:00:00,1.9,1186,-200,8.6,925,290,641,181,1272,1025,7,73.7,0.7425
2005-02-21,17:00:00,2.2,1192,-200,10,976,335,618,194,1290,1110,7.3,70,0.7195
2005-02-21,18:00:00,2.2,1177,-200,8.8,931,293,656,193,1281,979,5.8,77.8,0.7223
2005-02-21,19:00:00,4.9,1478,-200,20.2,1301,526,469,252,1682,1409,5.4,80.9,0.7293
2005-02-21,20:00:00,6.3,1486,-200,19.7,1289,607,466,283,1633,1438,5.5,79.8,0.7261
2005-02-21,21:00:00,2.7,1118,-200,7.1,863,326,680,208,1194,1083,5.6,74,0.6808
2005-02-21,22:00:00,1.4,1019,-200,4.4,730,188,811,143,1082,916,5.6,71.9,0.6604
2005-02-21,23:00:00,1.2,961,-200,2.9,643,163,914,124,1046,825,6.4,70.7,0.6848
2005-02-22,0:00:00,0.8,931,-200,2.1,591,102,1015,89,1015,704,6.3,70.1,0.6733
2005-02-22,1:00:00,0.8,938,-200,2.1,592,95,992,85,1032,668,4.4,80.5,0.6825
2005-02-22,2:00:00,0.7,888,-200,1.1,511,71,1112,66,963,512,3.9,83.1,0.6787
2005-02-22,3:00:00,0.4,844,-200,0.6,454,-200,1327,-200,908,385,2.5,86.6,0.6407
2005-02-22,4:00:00,0.4,851,-200,0.5,440,46,1349,46,918,377,3.4,85.4,0.6736
2005-02-22,5:00:00,0.5,905,-200,1,503,62,1152,60,956,467,3.3,84.5,0.6608
2005-02-22,6:00:00,0.9,987,-200,2.6,628,170,929,117,1035,691,3.4,84.5,0.664
2005-02-22,7:00:00,1.5,1124,-200,6.7,842,313,690,178,1180,981,3.4,84.5,0.6677
2005-02-22,8:00:00,3.8,1408,-200,16.7,1200,687,490,295,1523,1369,4.1,82.7,0.682
2005-02-22,9:00:00,5.4,1501,-200,24,1403,757,418,243,1789,1589,4.6,80.3,0.6889
2005-02-22,10:00:00,3.5,1266,-200,15,1149,559,528,255,1435,1370,6.1,74,0.7025
2005-02-22,11:00:00,1.7,1082,-200,6.9,855,286,725,201,1140,1005,9.1,58.4,0.6787
2005-02-22,12:00:00,2,1123,-200,9.1,942,324,653,208,1225,1105,11.4,48.9,0.658
2005-02-22,13:00:00,2.1,1174,-200,10,979,316,611,212,1282,1142,8.3,64.4,0.7072
2005-02-22,14:00:00,3,1209,-200,12.9,1082,407,573,238,1355,1105,6.5,71,0.6903
2005-02-22,15:00:00,2.1,1120,-200,9,940,305,657,201,1245,917,6.6,71.1,0.6973
2005-02-22,16:00:00,2.5,1174,-200,10.9,1010,360,613,218,1305,1050,7.4,69.3,0.7165
2005-02-22,17:00:00,2.2,1068,-200,7.9,896,339,702,222,1177,848,6.4,70.6,0.6834
2005-02-22,18:00:00,2.4,1146,-200,10.2,985,304,650,206,1236,952,5.8,72.5,0.6718
2005-02-22,19:00:00,3.6,1204,-200,13.2,1089,397,601,251,1335,1059,5.6,71.6,0.6556
2005-02-22,20:00:00,2.6,1062,-200,8.1,903,270,717,190,1141,720,4.2,77.8,0.6491
2005-02-22,21:00:00,2.7,1122,-200,8.5,919,339,680,218,1201,981,4.3,79.5,0.6648
2005-02-22,22:00:00,1.4,940,-200,3.6,686,190,903,150,1005,648,4.5,75.5,0.6429
2005-02-22,23:00:00,0.9,935,-200,2.6,628,126,995,111,986,611,4.4,77.1,0.6523
2005-02-23,0:00:00,1.5,1011,-200,4.3,725,189,852,142,1050,773,4.2,78.2,0.6506
2005-02-23,1:00:00,1.1,952,-200,3.2,665,146,907,119,1007,703,4,79.3,0.6517
2005-02-23,2:00:00,0.8,899,-200,1.8,572,98,1063,87,951,560,3.9,78.7,0.643
2005-02-23,3:00:00,0.6,880,-200,1.4,533,-200,1161,-200,948,499,3.5,80.6,0.6403
2005-02-23,4:00:00,0.6,882,-200,1.2,516,75,1132,70,959,575,3.2,82.8,0.6426
2005-02-23,5:00:00,0.6,844,-200,0.7,466,77,1261,68,894,478,4.1,76,0.6304
2005-02-23,6:00:00,0.6,860,-200,1,497,72,1251,66,912,442,4.2,75.9,0.6311
2005-02-23,7:00:00,0.7,917,-200,2.2,597,152,1084,117,994,602,4.5,76.3,0.648
2005-02-23,8:00:00,1.7,1126,-200,7.7,886,337,719,197,1208,936,4.4,79.1,0.6687
2005-02-23,9:00:00,1.9,1033,-200,6.2,820,360,740,198,1114,870,4.3,79.8,0.6706
2005-02-23,10:00:00,1.4,944,-200,3.8,697,243,881,167,1022,688,3.1,83,0.6419
2005-02-23,11:00:00,1.3,955,-200,3.6,687,277,895,180,1004,706,2.8,83.9,0.6326
2005-02-23,12:00:00,1.2,992,-200,3.7,694,266,900,169,1020,756,3.9,79.5,0.6482
2005-02-23,13:00:00,1.9,1090,-200,8.3,910,317,701,210,1192,974,5.1,74.5,0.6621
2005-02-23,14:00:00,2.5,1151,-200,10.1,983,375,629,232,1244,1121,5.7,72.5,0.6686
2005-02-23,15:00:00,2.3,1148,-200,9.9,975,349,638,223,1243,1064,5.6,74.6,0.6826
2005-02-23,16:00:00,2.3,1140,-200,9.2,946,377,653,224,1231,1076,5.4,75.9,0.6875
2005-02-23,17:00:00,2.5,1160,-200,10.3,990,403,632,238,1254,1090,4.9,78.2,0.6826
2005-02-23,18:00:00,2.8,1167,-200,11.4,1027,422,610,249,1289,1119,4.8,79,0.6845
2005-02-23,19:00:00,2.7,1194,-200,11.7,1038,388,605,223,1317,1181,4.8,78.6,0.6826
2005-02-23,20:00:00,3.1,1224,-200,12.6,1071,431,590,244,1331,1240,4.6,78.2,0.6686
2005-02-23,21:00:00,2.9,1209,-200,11.4,1028,425,619,243,1264,1254,4.2,79.7,0.6647
2005-02-23,22:00:00,2.6,1145,-200,9.6,962,391,657,226,1212,1192,4.3,78.9,0.6621
2005-02-23,23:00:00,1.5,1016,-200,4.6,744,231,825,167,1053,1020,4.2,77.9,0.6479
2005-02-24,0:00:00,1.6,1018,-200,4.7,750,248,831,172,1051,916,3.2,83,0.645
2005-02-24,1:00:00,1.1,937,-200,2.6,625,142,977,120,983,798,5.1,74.5,0.6626
2005-02-24,2:00:00,0.9,949,-200,2.9,647,117,956,100,1023,762,4,80.8,0.6666
2005-02-24,3:00:00,0.7,895,-200,1.5,545,-200,1080,-200,964,685,4.3,81,0.677
2005-02-24,4:00:00,-200,884,-200,1.3,528,96,1148,86,960,619,2.9,85.3,0.6503
2005-02-24,5:00:00,0.6,883,-200,1.2,518,87,1135,81,962,606,3.3,84.5,0.6612
2005-02-24,6:00:00,0.8,968,-200,3,652,197,937,131,1051,788,3.6,84.4,0.6724
2005-02-24,7:00:00,1.5,1071,-200,5.5,787,290,755,170,1146,947,3.8,83.8,0.6771
2005-02-24,8:00:00,3.1,1310,-200,12.9,1082,621,555,267,1400,1254,4.1,82.5,0.6819
2005-02-24,9:00:00,3.8,1332,-200,14.5,1132,645,522,269,1439,1352,3.9,83.9,0.6847
2005-02-24,10:00:00,2.7,1178,-200,9,939,573,640,244,1228,1165,4.1,83.9,0.6967
2005-02-24,11:00:00,1.8,1093,-200,6.5,836,414,728,232,1142,1025,4.6,82,0.6997
2005-02-24,12:00:00,1.4,1060,-200,5.4,784,314,770,196,1117,941,5.5,79.5,0.7238
2005-02-24,13:00:00,1.7,1121,-200,7.4,873,317,697,195,1206,1000,6.7,76.2,0.7519
2005-02-24,14:00:00,1.9,1118,-200,7.7,888,290,685,189,1223,962,7.9,69,0.7394
2005-02-24,15:00:00,2.2,1205,-200,10.7,1002,385,612,212,1299,1214,8.5,66.3,0.7387
2005-02-24,16:00:00,3,1274,-200,13.3,1094,507,537,267,1364,1428,7.6,70.8,0.7399
2005-02-24,17:00:00,3,1301,-200,13.2,1092,534,525,262,1388,1484,7.2,72.4,0.7372
2005-02-24,18:00:00,3.9,1405,-200,17.5,1224,601,468,270,1503,1658,6.7,74.2,0.7326
2005-02-24,19:00:00,4,1375,-200,17.7,1230,583,473,260,1522,1632,6.1,75.8,0.7184
2005-02-24,20:00:00,3.9,1367,-200,17.5,1225,551,485,265,1492,1628,6.3,74.9,0.7187
2005-02-24,21:00:00,3.5,1324,-200,14.1,1121,547,531,262,1399,1481,6,78,0.7345
2005-02-24,22:00:00,2.4,1170,-200,8.4,917,385,652,227,1218,1205,5.6,81.2,0.7443
2005-02-24,23:00:00,2.1,1169,-200,7.9,895,318,681,192,1201,1106,5.5,81.5,0.7393
2005-02-25,0:00:00,2.5,1181,-200,8.1,905,356,657,202,1215,1106,5.3,84.1,0.753
2005-02-25,1:00:00,2.1,1146,-200,7.1,860,326,692,189,1181,1092,5.2,83.9,0.7487
2005-02-25,2:00:00,1.5,1059,-200,5.2,773,233,767,157,1127,984,5.1,83.5,0.7416
2005-02-25,3:00:00,1.1,1010,-200,3.4,679,-200,854,-200,1046,889,5,82.9,0.73
2005-02-25,4:00:00,1,1007,-200,3.4,677,116,863,97,1053,848,5,82.5,0.7265
2005-02-25,5:00:00,0.8,932,-200,2.1,595,120,991,100,1025,771,5,82.8,0.7273
2005-02-25,6:00:00,1,998,-200,4.1,717,228,872,146,1095,895,5.2,80.7,0.7219
2005-02-25,7:00:00,1.4,1072,-200,6.1,819,303,751,175,1161,1003,5.3,80.2,0.7179
2005-02-25,8:00:00,3.6,1424,-200,18.7,1260,-200,494,-200,1568,1442,5.7,79.7,0.734
2005-02-25,9:00:00,5.8,1527,-200,27.9,1502,-200,411,-200,1868,1727,6.2,76.8,0.7355
2005-02-25,10:00:00,4.2,1364,-200,17.8,1234,529,504,190,1533,1606,8.3,67.4,0.7384
2005-02-25,11:00:00,3.3,1190,-200,11.8,1044,615,615,166,1324,1354,10.8,52.1,0.6746
2005-02-25,12:00:00,1.7,1021,-200,6.6,839,298,771,153,1084,914,13,40.3,0.6028
2005-02-25,13:00:00,2.1,1051,-200,8.4,914,317,707,167,1122,913,10.9,44.8,0.5849
2005-02-25,14:00:00,2.2,1021,-200,7.6,882,305,727,137,1097,847,11.5,42.1,0.5706
2005-02-25,15:00:00,1.8,1016,-200,6.7,842,253,762,140,1067,778,12.5,38.5,0.5568
2005-02-25,16:00:00,2,1040,-200,7.9,893,296,723,150,1104,835,12.6,38.5,0.5586
2005-02-25,17:00:00,2.3,1089,-200,8.4,916,293,710,152,1124,903,12.3,38.4,0.5488
2005-02-25,18:00:00,2.8,1148,-200,12.1,1054,353,631,177,1233,1157,10.2,43.1,0.5366
2005-02-25,19:00:00,3.4,1162,-200,12.6,1070,399,625,189,1229,1237,8.6,48.2,0.5385
2005-02-25,20:00:00,4,1197,-200,13.6,1102,454,609,195,1309,1253,7.8,50.8,0.5384
2005-02-25,21:00:00,2.3,1059,-200,8.1,905,356,735,179,1098,1130,7.3,52.8,0.5404
2005-02-25,22:00:00,2.7,1207,-200,11.2,1023,473,629,188,1233,1373,6.2,62.4,0.5958
2005-02-25,23:00:00,2.7,1188,-200,10.1,983,482,648,170,1193,1338,5.1,68.2,0.6033
2005-02-26,0:00:00,2.8,1153,-200,8.8,933,443,687,161,1133,1268,4.7,69,0.5936
2005-02-26,1:00:00,2.1,1061,-200,6.8,849,373,757,145,1063,1125,4,69.8,0.5756
2005-02-26,2:00:00,1.9,1028,-200,6.4,831,320,771,136,1063,1054,3.4,71.3,0.5626
2005-02-26,3:00:00,2.1,1082,-200,6.7,843,-200,729,-200,1061,1090,2.8,74,0.5591
2005-02-26,4:00:00,1.7,1037,-200,5.2,771,233,784,122,1004,1029,2.3,75.1,0.5514
2005-02-26,5:00:00,1.3,942,-200,3.6,688,161,897,115,947,882,3.8,66.2,0.5359
2005-02-26,6:00:00,0.9,904,-200,2.7,633,137,993,103,897,717,4.6,60.5,0.5173
2005-02-26,7:00:00,1,855,-200,1.9,578,144,1121,108,855,599,5.7,54.3,0.5022
2005-02-26,8:00:00,1,914,-200,3.9,705,182,966,124,926,687,6.2,51.3,0.488
2005-02-26,9:00:00,1.5,933,-200,4.1,714,227,899,133,927,706,6.7,49.5,0.4892
2005-02-26,10:00:00,1.5,942,-200,3.7,696,203,920,124,912,682,8.8,45,0.5114
2005-02-26,11:00:00,1.4,943,-200,3.6,688,179,924,116,909,629,9.6,43.5,0.5202
2005-02-26,12:00:00,2.4,959,-200,4.1,717,171,892,113,939,664,9.8,43.3,0.5238
2005-02-26,13:00:00,2.8,971,-200,4.5,739,181,868,117,972,664,9.9,43.5,0.53
2005-02-26,14:00:00,2.9,954,-200,4.5,735,175,863,118,953,630,9.8,44.1,0.5332
2005-02-26,15:00:00,2.6,929,-200,2.9,645,148,962,108,906,524,9.7,45.1,0.5417
2005-02-26,16:00:00,2.5,933,-200,3.1,660,132,955,98,911,488,9,47.3,0.542
2005-02-26,17:00:00,2.7,967,-200,3.9,704,162,888,117,961,609,7.4,56,0.5797
2005-02-26,18:00:00,2.8,987,-200,4.2,723,185,863,126,974,684,6.4,61.7,0.5956
2005-02-26,19:00:00,3,1003,-200,5.2,772,234,821,142,1008,788,6.8,58,0.5758
2005-02-26,20:00:00,3.7,1138,-200,10.2,986,275,663,157,1188,1030,7.3,56.7,0.5806
2005-02-26,21:00:00,3.5,1087,-200,8.1,903,272,713,161,1106,1026,7.2,56.7,0.579
2005-02-26,22:00:00,3.8,1129,-200,8.5,920,331,689,169,1139,1182,6.7,59.1,0.5848
2005-02-26,23:00:00,4.3,1191,-200,10.7,1005,347,637,166,1224,1284,5.9,62.1,0.5808
2005-02-27,0:00:00,4.8,1256,-200,11.5,1032,488,612,189,1230,1371,6.3,60.4,0.5811
2005-02-27,1:00:00,4.2,1171,-200,9.5,960,404,679,184,1121,1234,5.5,60.2,0.5458
2005-02-27,2:00:00,3.3,1016,-200,5.3,780,255,798,145,1004,1060,4.6,64.4,0.5525
2005-02-27,3:00:00,3,1035,-200,5.8,805,-200,790,-200,1022,1038,3.5,68.8,0.5458
2005-02-27,4:00:00,-200,980,-200,4.6,744,174,840,119,979,970,2.8,70.9,0.5383
2005-02-27,5:00:00,1,901,-200,2.7,631,108,988,87,915,751,3.7,65.9,0.5295
2005-02-27,6:00:00,0.9,914,-200,3.1,655,107,949,77,949,742,1.6,74.3,0.5168
2005-02-27,7:00:00,1.1,940,-200,3.2,665,188,900,112,955,879,1.4,76.3,0.5261
2005-02-27,8:00:00,1.1,935,-200,3.6,689,225,894,118,949,871,2.5,69.5,0.5172
2005-02-27,9:00:00,1.2,970,-200,3.7,691,208,891,124,956,890,3.7,64.8,0.5208
2005-02-27,10:00:00,1.7,1064,-200,6.4,830,270,739,144,1053,1059,7.8,49.9,0.5307
2005-02-27,11:00:00,1.6,1023,-200,5.2,776,202,817,128,972,808,11.2,37.1,0.4936
2005-02-27,12:00:00,1.4,955,-200,3.9,706,168,888,120,884,616,12.6,30.6,0.446
2005-02-27,13:00:00,1.8,943,-200,4.1,714,191,898,131,868,609,10.3,32.9,0.4131
2005-02-27,14:00:00,1.1,895,-200,2.5,622,149,1012,115,804,471,10,35.5,0.4346
2005-02-27,15:00:00,0.9,890,-200,2.2,601,101,1053,82,803,391,8.8,40,0.4538
2005-02-27,16:00:00,1.1,904,-200,2.3,608,134,1033,100,807,398,8.3,40.3,0.4431
2005-02-27,17:00:00,1.1,888,-200,2.4,611,150,1035,111,791,419,7.9,38.9,0.4141
2005-02-27,18:00:00,1.2,905,-200,2.9,648,188,1007,132,822,509,6.8,41,0.4072
2005-02-27,19:00:00,1.6,974,-200,4.9,757,254,886,155,884,723,6,42,0.3962
2005-02-27,20:00:00,2.6,1048,-200,6.8,847,324,801,181,955,888,5.5,43.5,0.3963
2005-02-27,21:00:00,1.5,895,-200,3.1,660,238,975,155,826,596,4.6,46.8,0.4001
2005-02-27,22:00:00,1,875,-200,2.1,594,128,1079,105,793,451,4.5,48,0.4085
2005-02-27,23:00:00,1.3,943,-200,3.9,703,169,950,119,870,581,4.3,48.6,0.4069
2005-02-28,0:00:00,1.6,947,-200,3.8,697,215,913,150,878,698,4,50,0.4115
2005-02-28,1:00:00,1,865,-200,1.8,566,111,1119,94,797,423,4,52.9,0.4338
2005-02-28,2:00:00,0.6,823,-200,1,503,60,1268,56,755,332,4,51,0.42
2005-02-28,3:00:00,0.4,798,-200,0.6,452,-200,1435,-200,699,280,3.9,48.1,0.393
2005-02-28,4:00:00,0.3,781,-200,0.4,425,29,1609,28,667,261,3.8,48,0.3879
2005-02-28,5:00:00,0.3,781,-200,0.3,409,25,1664,25,669,252,3.6,50.3,0.4022
2005-02-28,6:00:00,0.3,779,-200,0.2,402,34,1665,31,684,257,2.8,52.6,0.3972
2005-02-28,7:00:00,0.4,817,-200,0.7,462,89,1378,66,732,308,2.5,52.7,0.3908
2005-02-28,8:00:00,1,893,-200,2.6,629,212,1015,111,837,456,2.7,50.5,0.3804
2005-02-28,9:00:00,1.2,883,-200,3.1,659,216,943,122,842,527,2.7,49.4,0.3714
2005-02-28,10:00:00,1,839,-200,2.3,608,191,1040,115,780,475,3.3,45.2,0.354
2005-02-28,11:00:00,0.9,809,-200,2,587,200,1084,123,744,434,3.1,43.3,0.3354
2005-02-28,12:00:00,0.8,805,-200,2,584,164,1137,119,726,385,3.7,38.8,0.3123
2005-02-28,13:00:00,1.1,840,-200,3.1,661,185,1016,125,757,435,4,36.8,0.3016
2005-02-28,14:00:00,1,812,-200,2.9,646,156,1045,110,731,421,3.7,35,0.2823
2005-02-28,15:00:00,0.8,782,-200,2.1,594,155,1134,111,673,371,3.4,32.4,0.2563
2005-02-28,16:00:00,0.9,799,-200,2.5,617,158,1099,114,699,382,3.3,33.1,0.2592
2005-02-28,17:00:00,0.9,812,-200,2.8,640,166,1093,114,716,408,2.6,35.1,0.2618
2005-02-28,18:00:00,2,922,-200,6.7,842,268,849,140,858,676,2.1,36.6,0.2634
2005-02-28,19:00:00,2.4,938,-200,8.1,903,309,790,141,885,798,1.6,37.9,0.2645
2005-02-28,20:00:00,2.5,939,-200,7.4,872,297,814,142,870,793,1.4,38,0.2615
2005-02-28,21:00:00,1.6,827,-200,3.6,687,225,1015,123,727,573,1,36.6,0.2456
2005-02-28,22:00:00,0.9,776,-200,1.9,580,122,1183,90,655,402,1.1,35.4,0.2382
2005-02-28,23:00:00,0.7,755,-200,1.4,538,100,1285,79,621,343,1,34.3,0.2292
2005-03-01,0:00:00,0.6,766,-200,1.2,515,86,1327,69,642,322,1,37.4,0.2487
2005-03-01,1:00:00,0.6,762,-200,0.9,487,71,1364,60,640,307,0.7,41.2,0.2693
2005-03-01,2:00:00,0.4,736,-200,0.6,453,39,1498,37,602,268,0.2,40.6,0.2566
2005-03-01,3:00:00,0.2,715,-200,0.2,387,-200,1791,-200,559,227,0.1,40,0.2499
2005-03-01,4:00:00,0.2,716,-200,0.2,390,29,1804,27,551,221,-0.1,37.5,0.2326
2005-03-01,5:00:00,0.2,731,-200,0.3,408,32,1727,30,561,225,-0.3,38.4,0.2347
2005-03-01,6:00:00,0.2,735,-200,0.3,407,37,1677,33,579,232,-0.6,40.1,0.2404
2005-03-01,7:00:00,0.5,779,-200,1,500,134,1361,84,652,313,-0.6,41.4,0.2478
2005-03-01,8:00:00,1.5,915,-200,5.2,774,358,911,147,839,629,-0.2,40.2,0.2478
2005-03-01,9:00:00,1.9,905,-200,6.1,818,354,853,143,840,790,0.6,36.8,0.2388
2005-03-01,10:00:00,1.4,835,-200,3.6,688,284,988,122,720,630,2.8,30.3,0.2294
2005-03-01,11:00:00,0.9,798,-200,2.3,609,213,1122,109,660,472,3.1,29.1,0.224
2005-03-01,12:00:00,0.7,783,-200,1.9,580,174,1181,95,647,378,3.3,29.2,0.2288
2005-03-01,13:00:00,0.8,807,-200,2.6,623,157,1097,94,684,384,3.1,31,0.2386
2005-03-01,14:00:00,1,827,-200,3.1,660,178,1030,102,709,426,3.2,30.8,0.2399
2005-03-01,15:00:00,0.9,822,-200,2.7,632,187,1074,107,701,442,3.3,31.5,0.2464
2005-03-01,16:00:00,1,830,-200,3,655,198,1045,113,710,467,4.1,28.6,0.2363
2005-03-01,17:00:00,0.9,833,-200,3,653,186,1073,110,708,448,3.9,29.2,0.2378
2005-03-01,18:00:00,1.4,882,-200,5,766,203,922,116,815,582,1.9,35,0.2494
2005-03-01,19:00:00,2.1,967,-200,7.5,880,313,815,148,887,892,1.8,35.4,0.2497
2005-03-01,20:00:00,2.8,1009,-200,9.5,958,342,751,156,935,1006,1.4,36.5,0.2503
2005-03-01,21:00:00,2.2,911,-200,5.3,777,310,913,159,796,852,0.8,36.3,0.2388
2005-03-01,22:00:00,1,808,-200,2.4,613,165,1137,116,672,543,0.6,34.1,0.221
2005-03-01,23:00:00,1.1,812,-200,2.5,621,152,1143,110,669,529,0.3,31.9,0.2031
2005-03-02,0:00:00,0.9,790,-200,2.2,597,141,1184,102,637,465,0.2,30.2,0.191
2005-03-02,1:00:00,0.8,765,-200,1.5,544,122,1253,93,601,405,0,29.7,0.1847
2005-03-02,2:00:00,0.6,761,-200,1.3,525,79,1307,67,605,332,-0.1,31.9,0.1975
2005-03-02,3:00:00,0.5,788,-200,0.9,486,-200,1294,-200,650,420,-1.1,41.4,0.2379
2005-03-02,4:00:00,-200,790,-200,0.7,471,81,1302,75,669,532,-1.4,44.9,0.2536
2005-03-02,5:00:00,0.4,804,-200,0.9,489,77,1262,73,698,630,-1.3,46.3,0.2635
2005-03-02,6:00:00,0.5,831,-200,1.4,537,124,1158,96,722,768,-1.2,47.2,0.27
2005-03-02,7:00:00,0.7,881,-200,3.5,680,159,1023,110,813,866,-1.3,47.5,0.2702
2005-03-02,8:00:00,2.4,1099,-200,11,1013,396,690,150,1056,1254,-1.9,51.4,0.2801
2005-03-02,9:00:00,2.8,1100,-200,12.4,1065,479,669,169,1072,1347,-0.5,45.9,0.2763
2005-03-02,10:00:00,2,1042,-200,8.3,910,438,774,181,922,1216,4.6,32.5,0.2783
2005-03-02,11:00:00,2.2,1026,-200,8.9,935,466,747,187,942,1151,7.5,24.3,0.2528
2005-03-02,12:00:00,1.4,905,-200,5.7,796,288,900,146,767,699,9.6,18.8,0.2246
2005-03-02,13:00:00,1.2,891,-200,5.5,790,205,927,131,764,584,9.3,18.4,0.2157
2005-03-02,14:00:00,1.9,968,-200,9,938,311,790,161,897,836,9.7,18.6,0.2244
2005-03-02,15:00:00,1.3,909,-200,6.3,826,246,898,143,802,626,10.1,16.7,0.2062
2005-03-02,16:00:00,2,938,-200,9.1,945,356,804,176,855,878,11.8,13.5,0.1862
2005-03-02,17:00:00,2,971,-200,8.4,917,397,802,178,885,952,11.6,15.3,0.2086
2005-03-02,18:00:00,3.4,1148,-200,17.5,1226,579,624,207,1126,1460,9.1,19.2,0.2225
2005-03-02,19:00:00,5.1,1299,-200,23.3,1384,819,523,240,1325,1855,7.2,25.6,0.2611
2005-03-02,20:00:00,5.3,1315,-200,19,1269,754,551,236,1282,1860,6.1,34,0.3237
2005-03-02,21:00:00,2.8,1180,-200,11.1,1020,473,656,199,1054,1629,5.1,36.4,0.323
2005-03-02,22:00:00,1.6,1070,-200,6.2,821,300,754,170,936,1454,4.8,39.6,0.344
2005-03-02,23:00:00,1.4,1031,-200,5,763,235,818,153,905,1348,5,39.6,0.3479
2005-03-03,0:00:00,1.4,1047,-200,5.3,778,207,799,140,907,1326,4.1,41.7,0.3456
2005-03-03,1:00:00,1.4,1030,-200,4.2,724,204,832,138,893,1285,4.4,43.3,0.3656
2005-03-03,2:00:00,1.1,986,-200,3.5,682,155,875,117,884,1205,3.8,45.9,0.3728
2005-03-03,3:00:00,0.9,992,-200,3,655,-200,876,-200,887,1220,3.6,49.7,0.396
2005-03-03,4:00:00,1,1076,-200,4.1,715,179,783,119,947,1448,3.4,56.3,0.4455
2005-03-03,5:00:00,1,1104,-200,4,713,143,754,108,1001,1433,2.9,67.9,0.5183
2005-03-03,6:00:00,1.2,1160,-200,5.1,770,212,702,121,1063,1447,2.8,74.1,0.5618
2005-03-03,7:00:00,1.4,1217,-200,6.7,846,263,650,136,1120,1481,2.9,75.6,0.5742
2005-03-03,8:00:00,3,1457,-200,15.6,1167,648,496,175,1422,1785,3.8,72.4,0.5867
2005-03-03,9:00:00,4.2,1337,-200,17.1,1212,717,529,211,1406,1756,5.9,50.2,0.4706
2005-03-03,10:00:00,2.1,1111,-200,8.8,931,389,687,186,1069,1368,7.3,39.4,0.4035
2005-03-03,11:00:00,2,1165,-200,6.9,852,438,692,177,1155,1197,3.6,75.9,0.6055
2005-03-03,12:00:00,1.6,1129,-200,5.4,783,282,757,147,1127,1084,3.6,78.6,0.6283
2005-03-03,13:00:00,1.4,1092,-200,4.9,759,268,773,150,1088,1039,5.3,69.2,0.6213
2005-03-03,14:00:00,1.6,1096,-200,5.3,777,248,767,148,1107,961,6.1,66,0.6255
2005-03-03,15:00:00,1.5,1108,-200,5.4,783,272,758,151,1115,964,6,70.1,0.6577
2005-03-03,16:00:00,1.7,1124,-200,5.5,787,291,740,151,1147,941,6.3,72.1,0.6907
2005-03-03,17:00:00,1.9,1216,-200,7.5,879,363,670,165,1252,1111,6.3,75.7,0.7252
2005-03-03,18:00:00,3.8,1437,-200,16.7,1202,660,507,197,1510,1459,5.6,80.4,0.7382
2005-03-03,19:00:00,5.4,1473,-200,18.2,1245,907,476,228,1539,1519,4.9,82.4,0.7201
2005-03-03,20:00:00,4.2,1396,-200,15.5,1164,639,508,196,1488,1412,4.3,84,0.7051
2005-03-03,21:00:00,3.8,1285,-200,10.9,1013,574,568,192,1331,1336,4.3,83.6,0.7025
2005-03-03,22:00:00,2.3,1206,-200,8.7,928,373,621,161,1235,1285,4.6,82.5,0.7066
2005-03-03,23:00:00,2.1,1179,-200,7.3,868,330,664,156,1205,1240,4.4,82,0.6938
2005-03-04,0:00:00,2.3,1213,-200,7.5,877,336,654,158,1206,1282,4.3,80.9,0.6791
2005-03-04,1:00:00,2.3,1142,-200,6.8,849,347,680,154,1173,1189,4.1,81.2,0.6721
2005-03-04,2:00:00,1.7,1089,-200,4.7,750,241,765,138,1108,1117,3.9,80.9,0.6613
2005-03-04,3:00:00,1.2,982,-200,2.5,617,-200,891,-200,977,1024,4.5,70.6,0.6004
2005-03-04,4:00:00,0.6,888,-200,1.3,526,96,1134,92,912,744,4.5,65.1,0.5547
2005-03-04,5:00:00,0.9,979,-200,2.2,602,147,925,103,993,928,4,75.2,0.6161
2005-03-04,6:00:00,1.1,1023,-200,3.6,690,210,833,117,1049,1006,3.7,76.4,0.6164
2005-03-04,7:00:00,1.9,1153,-200,7.5,878,409,682,139,1180,1173,3.1,77.3,0.5985
2005-03-04,8:00:00,3.7,1393,-200,16.8,1204,719,506,167,1497,1568,3.7,74.4,0.5992
2005-03-04,9:00:00,6.1,1567,-200,28,1502,959,399,205,1848,1913,5,69.4,0.6118
2005-03-04,10:00:00,4.6,1334,-200,15.8,1174,744,524,216,1432,1643,6.5,60.9,0.5919
2005-03-04,11:00:00,3.3,1280,-200,15.5,1165,583,533,192,1435,1605,7.6,59.8,0.6245
2005-03-04,12:00:00,3.3,1330,-200,14.9,1145,597,537,188,1399,1668,8.6,57.6,0.6471
2005-03-04,13:00:00,3.4,1349,-200,16.4,1193,550,507,189,1493,1710,10.9,52.4,0.6826
2005-03-04,14:00:00,3.6,1349,-200,15.6,1167,499,515,192,1443,1632,12.3,48.3,0.6871
2005-03-04,15:00:00,3.9,1344,-200,16.1,1182,470,525,194,1411,1545,12.5,43.4,0.6298
2005-03-04,16:00:00,4.8,1337,-200,16.6,1198,568,521,217,1401,1557,11.9,42.3,0.5902
2005-03-04,17:00:00,3.9,1316,-200,15.9,1177,525,544,178,1392,1529,12.3,41.2,0.5867
2005-03-04,18:00:00,3.6,1253,-200,13.3,1094,481,575,183,1327,1430,10.8,48.1,0.6235
2005-03-04,19:00:00,3.6,1258,-200,14.9,1144,414,558,189,1336,1509,8.9,52.5,0.5996
2005-03-04,20:00:00,4.6,1326,-200,18.5,1253,565,514,225,1479,1615,8.4,54.7,0.6057
2005-03-04,21:00:00,2.3,1109,-200,7.9,896,303,710,175,1132,1242,7.5,58.7,0.6112
2005-03-04,22:00:00,1.6,1029,-200,5,762,221,820,153,1049,1065,6.9,60,0.5977
2005-03-04,23:00:00,1.8,1112,-200,6.5,833,260,759,156,1104,1180,6.6,61.3,0.5995
2005-03-05,0:00:00,2.2,1100,-200,6,810,327,768,172,1070,1158,6.3,59.8,0.5761
2005-03-05,1:00:00,2.1,1136,-200,6.8,849,344,715,164,1132,1216,5.4,65.8,0.5935
2005-03-05,2:00:00,1.7,1000,-200,4,712,270,848,157,989,971,5.8,59.6,0.5523
2005-03-05,3:00:00,1.5,1041,-200,4.4,732,-200,789,-200,1003,1076,4.9,62.6,0.5477
2005-03-05,4:00:00,-200,1009,-200,4,710,191,819,136,974,1011,4.4,63.9,0.5385
2005-03-05,5:00:00,1.1,975,-200,3.5,681,136,889,110,948,813,4.2,62.5,0.5191
2005-03-05,6:00:00,1.1,993,-200,4.3,727,194,810,128,989,1001,3.1,68.6,0.5302
2005-03-05,7:00:00,0.8,872,-200,2,587,168,1082,132,866,655,4.6,54.6,0.4682
2005-03-05,8:00:00,1.3,1017,-200,6.1,818,254,842,156,1034,933,5,54.5,0.4788
2005-03-05,9:00:00,2.3,1070,-200,8.7,928,410,701,185,1112,1088,7,48.1,0.4847
2005-03-05,10:00:00,1.1,915,-200,3.1,658,166,957,121,866,562,10,37.7,0.4643
2005-03-05,11:00:00,1.1,978,-200,5.2,772,162,870,117,955,586,13,30.3,0.452
2005-03-05,12:00:00,1.5,968,-200,5.3,777,188,830,133,929,617,14,28.1,0.4476
2005-03-05,13:00:00,1.6,1008,-200,6.7,843,199,787,136,998,705,13.3,28.9,0.4399
2005-03-05,14:00:00,2.2,1025,-200,8.3,913,272,724,162,1035,814,13.4,29,0.4436
2005-03-05,15:00:00,1.5,983,-200,5.9,806,180,820,132,966,615,13.5,28.3,0.4374
2005-03-05,16:00:00,1.8,1018,-200,7.3,868,255,751,162,1015,804,13,29.7,0.442
2005-03-05,17:00:00,2,1101,-200,8.4,916,251,721,159,1125,861,11.6,38.7,0.5271
2005-03-05,18:00:00,1.9,1116,-200,7.7,888,258,695,156,1176,980,8.6,56.3,0.6312
2005-03-05,19:00:00,2.5,1161,-200,9.1,945,344,654,177,1205,1077,8.5,57.9,0.6435
2005-03-05,20:00:00,2.6,1212,-200,10.9,1010,380,622,185,1284,1214,7.8,63.4,0.6735
2005-03-05,21:00:00,3.2,1225,-200,10.2,985,464,635,199,1255,1169,7.2,69.5,0.7084
2005-03-05,22:00:00,2.2,1154,-200,7.8,891,304,697,166,1197,1079,6.5,74.7,0.7248
2005-03-05,23:00:00,1.9,1140,-200,7,856,258,707,152,1171,1147,6.5,73.9,0.7224
2005-03-06,0:00:00,2.4,1201,-200,9.2,949,358,665,170,1220,1260,6.8,72.1,0.7143
2005-03-06,1:00:00,1.8,1011,-200,4.6,742,278,842,160,998,929,7,60,0.6055
2005-03-06,2:00:00,0.9,867,-200,2.1,590,116,1088,100,826,465,7.2,47.8,0.487
2005-03-06,3:00:00,0.8,856,-200,1.5,545,-200,1166,-200,803,398,7.2,47.3,0.483
2005-03-06,4:00:00,0.7,859,-200,1.3,527,60,1203,57,810,342,6.8,52.9,0.5245
2005-03-06,5:00:00,0.6,859,-200,0.8,479,51,1285,48,822,313,5.8,65,0.6029
2005-03-06,6:00:00,0.5,842,-200,0.6,454,33,1433,32,788,292,5.8,59.4,0.5502
2005-03-06,7:00:00,0.6,856,-200,1.1,505,80,1246,72,833,367,5.5,58.3,0.529
2005-03-06,8:00:00,0.6,867,-200,1,500,103,1219,86,818,387,5.9,54.8,0.5119
2005-03-06,9:00:00,0.7,877,-200,1.5,541,93,1148,79,829,399,7.3,48.7,0.5007
2005-03-06,10:00:00,0.7,869,-200,1.4,535,108,1162,87,783,376,9.4,39.9,0.4707
2005-03-06,11:00:00,0.9,900,-200,2,582,107,1081,85,792,377,11.2,33.8,0.449
2005-03-06,12:00:00,1,899,-200,2.3,603,122,1055,97,782,379,12.3,29.9,0.4255
2005-03-06,13:00:00,1,895,-200,2.6,624,122,1002,96,787,387,14.8,23.7,0.3945
2005-03-06,14:00:00,1.4,992,-200,6.7,844,156,830,113,990,552,13.1,26.6,0.399
2005-03-06,15:00:00,3,1104,-200,13.3,1095,246,609,163,1210,930,13.3,25.7,0.3914
2005-03-06,16:00:00,1.5,933,-200,4,711,205,912,146,850,554,12,27.7,0.3885
2005-03-06,17:00:00,1.7,973,-200,5.3,778,257,839,167,916,723,11.5,30.1,0.4067
2005-03-06,18:00:00,2.3,1069,-200,8.6,923,228,735,162,1036,875,10.1,33.2,0.4115
2005-03-06,19:00:00,2.5,1055,-200,6.2,821,321,797,194,942,949,8.6,38.1,0.4282
2005-03-06,20:00:00,2.1,1032,-200,5.3,778,270,834,185,926,869,8,41.2,0.4433
2005-03-06,21:00:00,1.5,982,-200,4.1,714,203,879,158,905,747,7.5,43.8,0.4551
2005-03-06,22:00:00,1.4,968,-200,3.5,680,201,918,156,891,740,6.8,46.9,0.465
2005-03-06,23:00:00,1.4,979,-200,4.1,718,207,883,157,903,807,6.1,46.3,0.4394
2005-03-07,0:00:00,1.4,935,-200,3.2,666,180,939,141,836,653,5.6,45.5,0.4187
2005-03-07,1:00:00,1.2,942,-200,3.2,666,140,960,116,848,553,5.4,48.8,0.4393
2005-03-07,2:00:00,0.9,883,-200,1.7,561,93,1080,84,785,412,5.1,51.2,0.4534
2005-03-07,3:00:00,0.6,841,-200,0.7,470,-200,1311,-200,708,289,5.3,51,0.4563
2005-03-07,4:00:00,0.4,843,-200,0.5,443,35,1490,34,730,262,5.2,57.2,0.5094
2005-03-07,5:00:00,0.4,872,-200,0.6,460,47,1359,45,755,288,4.5,63.1,0.5381
2005-03-07,6:00:00,0.5,862,-200,0.8,474,68,1312,59,753,310,5.2,54.5,0.486
2005-03-07,7:00:00,0.7,917,-200,1.7,562,131,1099,99,827,418,5.6,51.3,0.4712
2005-03-07,8:00:00,1.5,1022,-200,5.2,771,289,812,165,941,769,5.9,45.4,0.4244
2005-03-07,9:00:00,1.9,1022,-200,6.6,837,322,755,168,978,881,6.9,41.3,0.4145
2005-03-07,10:00:00,1.6,961,-200,5.5,789,330,839,169,910,816,8.6,34.2,0.3834
2005-03-07,11:00:00,1.4,912,-200,4.4,731,339,912,162,811,684,9.6,27.7,0.3308
2005-03-07,12:00:00,1.3,896,-200,4.4,731,316,911,155,799,627,10.6,25.3,0.3224
2005-03-07,13:00:00,1.3,890,-200,4.3,726,218,921,136,779,523,10.2,25.6,0.3181
2005-03-07,14:00:00,1.2,891,-200,4.5,740,177,919,124,788,502,10,25.2,0.3079
2005-03-07,15:00:00,1.3,894,-200,4.5,737,278,913,158,805,604,9.7,25.7,0.3088
2005-03-07,16:00:00,1.4,907,-200,4.8,753,313,886,167,819,682,9.7,26.8,0.3226
2005-03-07,17:00:00,1.7,973,-200,6.3,827,351,825,176,888,846,9.4,27.3,0.3216
2005-03-07,18:00:00,2.5,1035,-200,9.6,961,374,726,204,985,1027,7.9,28,0.2999
2005-03-07,19:00:00,3.8,1146,-200,15,1147,431,621,209,1148,1315,6.9,30.7,0.3066
2005-03-07,20:00:00,4.2,1176,-200,15.4,1162,468,600,224,1137,1363,6.1,33.3,0.3152
2005-03-07,21:00:00,2.8,1057,-200,8.9,935,368,720,211,982,1236,5,37.4,0.329
2005-03-07,22:00:00,1.5,974,-200,5,763,239,861,174,865,1076,4.2,40.9,0.3417
2005-03-07,23:00:00,1.8,1044,-200,6.5,834,292,781,181,924,1200,3.9,43.5,0.3538
2005-03-08,0:00:00,1.5,988,-200,4.4,734,205,860,157,868,1081,3,47.7,0.3658
2005-03-08,1:00:00,1.5,1016,-200,5.3,781,255,799,154,918,1174,2.5,52.1,0.3855
2005-03-08,2:00:00,1.2,929,-200,3.1,659,220,920,147,851,1033,2,53.5,0.3831
2005-03-08,3:00:00,0.8,876,-200,1.9,576,-200,1040,-200,815,900,1,56.7,0.3803
2005-03-08,4:00:00,-200,872,-200,1.7,558,114,1054,101,807,853,0.5,59.4,0.3841
2005-03-08,5:00:00,0.7,888,-200,1.9,574,153,1035,114,820,886,1.4,56.8,0.3903
2005-03-08,6:00:00,0.7,927,-200,2.8,638,224,949,134,846,949,0.9,58.4,0.388
2005-03-08,7:00:00,1.3,991,-200,5.5,786,295,817,144,931,1037,0.3,61,0.3881
2005-03-08,8:00:00,3.4,1317,-200,18.3,1247,667,558,182,1360,1571,0.9,59.1,0.3913
2005-03-08,9:00:00,5.5,1402,-200,26.3,1462,867,449,223,1599,1885,4.1,47.9,0.3959
2005-03-08,10:00:00,4.1,1222,-200,16.3,1188,666,554,219,1265,1683,7.7,34.6,0.3652
2005-03-08,11:00:00,3,1109,-200,12.3,1060,595,650,215,1091,1412,10.9,25.7,0.3341
2005-03-08,12:00:00,1.9,959,-200,7.4,875,421,797,191,864,1006,13.7,17.4,0.2715
2005-03-08,13:00:00,1.8,964,-200,8.1,902,292,780,162,882,855,14,16.8,0.2672
2005-03-08,14:00:00,2.1,1006,-200,10.8,1006,308,705,165,988,964,14.1,17,0.2729
2005-03-08,15:00:00,2.3,1002,-200,9.7,968,347,732,171,920,886,15,15.8,0.2678
2005-03-08,16:00:00,2.3,997,-200,9.9,975,377,739,164,926,947,16.5,14.9,0.2775
2005-03-08,17:00:00,2,1019,-200,9.6,964,325,729,168,957,984,15.8,16.7,0.2972
2005-03-08,18:00:00,3.1,1192,-200,16.5,1196,508,581,204,1222,1450,13.2,23.9,0.3597
2005-03-08,19:00:00,5.1,1399,-200,23.4,1387,768,487,242,1499,1837,11,33.8,0.4436
2005-03-08,20:00:00,5.9,1419,-200,24.2,1408,764,466,246,1531,1899,9.5,39,0.4644
2005-03-08,21:00:00,3.2,1250,-200,13.3,1094,500,600,215,1198,1629,8.5,42.4,0.4716
2005-03-08,22:00:00,2.4,1156,-200,8.4,916,463,687,206,1055,1490,7.5,44,0.4564
2005-03-08,23:00:00,1.4,1064,-200,5.4,783,258,785,167,954,1319,6.6,46,0.4505
2005-03-09,0:00:00,1.4,1066,-200,5.2,771,214,795,145,949,1247,5.5,49.6,0.4526
2005-03-09,1:00:00,1.3,1031,-200,4.6,741,191,821,133,927,1144,4.9,52.2,0.4567
2005-03-09,2:00:00,1,973,-200,3.2,663,154,889,117,887,1014,4.6,53.5,0.4584
2005-03-09,3:00:00,0.8,937,-200,2.2,600,-200,985,-200,873,885,4.7,53.1,0.4589
2005-03-09,4:00:00,0.8,930,-200,2.5,616,113,969,90,893,875,3.8,56.8,0.4614
2005-03-09,5:00:00,0.9,949,-200,2.8,640,167,902,112,909,971,2.3,63.5,0.463
2005-03-09,6:00:00,0.9,979,-200,3.9,707,235,851,120,959,1048,2,64.9,0.4657
2005-03-09,7:00:00,1.7,1094,-200,7.2,865,372,708,141,1061,1223,2,65.3,0.4688
2005-03-09,8:00:00,4.3,1450,-200,20.9,1322,877,490,190,1497,1756,3.3,61.6,0.4829
2005-03-09,9:00:00,6,1508,-200,27,1479,900,419,215,1685,2014,5.7,52.5,0.4851
2005-03-09,10:00:00,3.8,1374,-200,18.5,1255,733,504,215,1375,1855,8.3,43.5,0.4774
2005-03-09,11:00:00,3.3,1308,-200,14,1117,691,549,235,1261,1795,10.5,38.9,0.4926
2005-03-09,12:00:00,2.3,1249,-200,10.5,996,457,593,194,1198,1575,14.5,33.4,0.5488
2005-03-09,13:00:00,2.4,1282,-200,11.2,1023,369,573,159,1305,1461,15.7,34.6,0.6147
2005-03-09,14:00:00,2.2,1253,-200,10.3,988,285,589,123,1292,1314,16.1,36.3,0.6593
2005-03-09,15:00:00,1.9,1222,-200,8.6,924,279,612,121,1216,1147,17.3,34.5,0.6728
2005-03-09,16:00:00,1.7,1201,-200,7.6,882,198,638,102,1189,948,17.6,34.1,0.6781
2005-03-09,17:00:00,1.9,1238,-200,10.2,985,229,592,114,1271,1252,18,33.1,0.6779
2005-03-09,18:00:00,3.8,1434,-200,17.8,1234,477,476,168,1520,1676,14.6,41,0.6792
2005-03-09,19:00:00,5.3,1573,-200,25.3,1436,679,407,207,1747,2056,12.8,46.2,0.6794
2005-03-09,20:00:00,5.9,1552,-200,24.4,1413,682,407,199,1724,2088,11.5,53.9,0.7312
2005-03-09,21:00:00,5.5,1510,-200,20,1297,679,458,192,1606,1945,10.6,58.8,0.7512
2005-03-09,22:00:00,2,1165,-200,7.3,870,298,671,148,1181,1482,9.7,60,0.7238
2005-03-09,23:00:00,1.8,1177,-200,6.6,837,265,670,137,1161,1448,8.3,64.2,0.7071
2005-03-10,0:00:00,1.6,1135,-200,5.7,800,196,705,123,1130,1304,7.8,65.5,0.6961
2005-03-10,1:00:00,1.3,1070,-200,4.5,739,155,767,109,1070,1186,7.5,65.9,0.6868
2005-03-10,2:00:00,1.1,1034,-200,4.1,715,131,801,98,1067,1051,6.1,72.1,0.6847
2005-03-10,3:00:00,1.1,1014,-200,4.4,731,-200,784,-200,1062,1038,4.6,78.2,0.6684
2005-03-10,4:00:00,1,988,-200,3.3,673,165,838,94,1034,969,4,80.9,0.667
2005-03-10,5:00:00,0.8,975,-200,3.3,668,169,874,95,1020,951,4.2,79.1,0.6611
2005-03-10,6:00:00,0.9,984,-200,3.5,681,224,852,101,1020,970,5.3,73.2,0.6577
2005-03-10,7:00:00,1.3,1092,-200,6.4,831,249,720,100,1143,1090,4.3,76.1,0.6395
2005-03-10,8:00:00,4.1,1454,-200,20.1,1299,863,457,150,1606,1673,4.8,74.6,0.647
2005-03-10,9:00:00,3.9,1446,-200,21.2,1328,665,439,168,1620,1833,7.5,64.5,0.6702
2005-03-10,10:00:00,3.5,1316,-200,13.7,1105,670,511,199,1372,1828,11.7,49.3,0.6772
2005-03-10,11:00:00,2.7,1283,-200,11.7,1039,500,549,168,1308,1724,14.7,41.2,0.6857
2005-03-10,12:00:00,2.3,1223,-200,10.6,999,428,578,161,1258,1547,17.4,33.2,0.6535
2005-03-10,13:00:00,2.3,1176,-200,9.8,969,-200,612,-200,1196,1300,18.8,26.2,0.5637
2005-03-10,14:00:00,2.1,1041,-200,9.1,945,306,692,145,1082,1000,19.1,18.1,0.3955
2005-03-10,15:00:00,2.2,1008,-200,9.2,946,334,705,148,1016,942,19.5,15.3,0.3431
2005-03-10,16:00:00,1.8,962,-200,5.9,807,268,821,131,901,745,20.2,14.4,0.337
2005-03-10,17:00:00,1.9,1048,-200,8.6,925,284,721,137,1022,941,19.8,16,0.3632
2005-03-10,18:00:00,2.7,1145,-200,12.7,1074,393,593,163,1186,1232,16.5,21.6,0.4012
2005-03-10,19:00:00,4.7,1198,-200,19.8,1291,603,531,219,1295,1527,14.5,18.3,0.2996
2005-03-10,20:00:00,5.4,1319,-200,23.8,1399,757,497,245,1458,1746,12.8,22.8,0.3364
2005-03-10,21:00:00,4.2,1274,-200,14.6,1136,684,547,229,1233,1741,11.5,35.9,0.4862
2005-03-10,22:00:00,2.1,1085,-200,7.6,882,426,705,184,985,1433,9.5,34.6,0.411
2005-03-10,23:00:00,1.4,1017,-200,4.9,760,254,806,151,922,1235,8.3,38.2,0.4203
2005-03-11,0:00:00,1.4,1039,-200,5.2,774,227,786,133,949,1173,7.7,41.7,0.4387
2005-03-11,1:00:00,1.4,1027,-200,4.8,751,221,798,135,936,1171,6.8,44.9,0.4472
2005-03-11,2:00:00,1,952,-200,3.2,662,155,905,111,887,1024,5.7,49.4,0.4551
2005-03-11,3:00:00,0.8,930,-200,2.4,609,120,968,90,864,928,5.7,50.1,0.4629
2005-03-11,4:00:00,-200,942,-200,3.2,665,134,923,91,912,956,4.4,56.4,0.4761
2005-03-11,5:00:00,0.7,897,-200,2.1,594,128,999,89,870,871,4.9,55.2,0.4807
2005-03-11,6:00:00,0.6,928,-200,2.7,631,148,985,89,908,884,4.5,56.3,0.48
2005-03-11,7:00:00,0.2,987,-200,4.5,738,233,833,117,957,1010,3.8,59.7,0.4839
2005-03-11,8:00:00,1.5,1272,-200,13.8,1111,470,563,141,1279,1416,4.3,58.6,0.4915
2005-03-11,9:00:00,3.5,1452,-200,22.7,1370,679,445,189,1581,1817,7.1,50,0.5067
2005-03-11,10:00:00,3,1415,-200,19.3,1278,796,483,211,1399,1870,11.1,38.4,0.5066
2005-03-11,11:00:00,3,-200,-200,-200,-200,812,-200,235,-200,-200,-200,-200,-200
2005-03-11,12:00:00,1,1203,-200,9.3,951,339,618,162,1162,1305,17.2,30.6,0.5949
2005-03-11,13:00:00,1.5,1258,-200,12.1,1052,354,551,172,1297,1205,17.8,33.3,0.6741
2005-03-11,14:00:00,2.2,1328,-200,14.2,1123,466,508,182,1404,1339,18.8,31.8,0.6853
2005-03-11,15:00:00,1.7,1260,-200,12.3,1059,417,544,180,1319,1161,19.3,29.9,0.6604
2005-03-11,16:00:00,1.1,1201,-200,10.2,985,289,585,156,1252,996,18.8,31.5,0.6752
2005-03-11,17:00:00,1.3,1161,-200,10.4,992,324,601,168,1211,906,18.2,28.1,0.5817
2005-03-11,18:00:00,1.5,1254,-200,13.9,1112,376,533,181,1349,1161,16,35.3,0.6356
2005-03-11,19:00:00,3.4,1452,-200,23.1,1381,619,428,226,1661,1695,13.8,43.6,0.6825
2005-03-11,20:00:00,3.8,1438,-200,22.8,1374,689,435,231,1640,1705,12.9,48.8,0.725
2005-03-11,21:00:00,2.8,1273,-200,13.4,1096,582,553,222,1350,1379,12.8,49.3,0.7277
2005-03-11,22:00:00,0.8,1096,-200,6.8,850,287,690,165,1146,943,12.2,50.9,0.7202
2005-03-11,23:00:00,0.5,1151,-200,6,813,238,702,151,1156,1073,10.6,55.9,0.7138
2005-03-12,0:00:00,1,1189,-200,5.7,797,312,688,174,1157,1213,10.3,55.9,0.7014
2005-03-12,1:00:00,0.4,1078,-200,3.9,704,231,765,145,1077,898,10.2,55.8,0.6927
2005-03-12,2:00:00,0.4,1152,-200,4.9,759,234,706,147,1113,1094,10,57.3,0.7015
2005-03-12,3:00:00,0.3,1128,-200,4.5,740,195,705,134,1113,1064,10.2,57.9,0.7191
2005-03-12,4:00:00,-200,1015,-200,2.3,608,113,873,85,1027,655,10.3,59.4,0.7459
2005-03-12,5:00:00,-200,979,-200,1.5,547,73,952,55,1039,470,9.8,68.9,0.8329
2005-03-12,6:00:00,-200,972,-200,1.5,542,103,1029,65,1056,443,9.2,75.3,0.8764
2005-03-12,7:00:00,-200,992,-200,1.8,565,121,912,84,1074,547,9.4,73.1,0.8621
2005-03-12,8:00:00,0.1,1053,-200,3.3,671,132,807,88,1137,570,10.6,66.1,0.8444
2005-03-12,9:00:00,0.2,1140,-200,5.8,800,178,679,109,1209,782,12.6,58.5,0.8517
2005-03-12,10:00:00,0.6,1136,-200,6.2,822,218,653,130,1184,744,15,48.6,0.8253
2005-03-12,11:00:00,0.7,1180,-200,6.7,846,246,646,137,1206,791,14.2,51.5,0.8313
2005-03-12,12:00:00,0.6,1131,-200,5.6,792,252,678,145,1177,749,15.1,48.6,0.8266
2005-03-12,13:00:00,0.3,1083,-200,5.8,804,208,702,128,1105,615,18,35.4,0.7233
2005-03-12,14:00:00,0.5,1120,-200,7,859,219,640,129,1167,681,17.9,35.3,0.7184
2005-03-12,15:00:00,0.2,1038,-200,3.8,699,160,765,105,1042,515,17.7,35,0.7014
2005-03-12,16:00:00,0.4,1096,-200,5.5,788,191,699,114,1115,583,17.6,35.5,0.7065
2005-03-12,17:00:00,0.7,1126,-200,7.6,881,270,648,146,1140,728,17.5,34.1,0.6775
2005-03-12,18:00:00,0.9,1153,-200,8.3,910,285,622,156,1208,827,15.6,40,0.7018
2005-03-12,19:00:00,0.8,1177,-200,7.5,878,289,641,152,1224,844,14,47.8,0.7582
2005-03-12,20:00:00,2.4,1383,-200,14.1,1119,550,522,201,1415,1310,13.2,51.4,0.776
2005-03-12,21:00:00,3.3,1363,-200,12.4,1064,679,536,221,1350,1353,12,56.1,0.7832
2005-03-12,22:00:00,0.9,1087,-200,5.8,803,314,699,157,1130,907,11.6,54.7,0.7454
2005-03-12,23:00:00,0.1,1028,-200,3.9,703,166,783,114,1070,646,12,53.3,0.7472
2005-03-13,0:00:00,0.1,1017,-200,2.8,641,157,892,107,1044,482,12.5,55.4,0.7999
2005-03-13,1:00:00,0.1,1050,-200,3.1,660,173,860,113,1071,526,12.3,56,0.7958
2005-03-13,2:00:00,0.2,1023,-200,3.3,672,184,819,118,1069,595,12.4,53.4,0.7669
2005-03-13,3:00:00,-200,940,-200,2,583,93,942,69,991,416,12.7,51.8,0.7574
2005-03-13,4:00:00,-200,963,-200,2.5,617,85,902,63,1006,398,13.2,49.7,0.7503
2005-03-13,5:00:00,-200,971,-200,2,585,79,928,61,1004,394,12.3,55.9,0.7966
2005-03-13,6:00:00,-200,887,-200,0.9,488,55,1184,42,908,312,13.3,50.1,0.7624
2005-03-13,7:00:00,-200,944,-200,1.6,551,98,1063,68,985,381,12.3,51.8,0.7384
2005-03-13,8:00:00,-200,970,-200,2.1,592,190,909,120,1018,509,12.9,50.4,0.7448
2005-03-13,9:00:00,0.1,1034,-200,3,651,166,861,112,1060,601,12.9,49.9,0.7406
2005-03-13,10:00:00,0.3,1160,-200,5,765,260,711,148,1134,962,13.9,47.3,0.7479
2005-03-13,11:00:00,1,1283,-200,7.7,887,362,607,160,1238,1231,13.5,51.6,0.7931
2005-03-13,12:00:00,1.6,1387,-200,10.1,981,415,535,164,1368,1396,13.2,56.2,0.8499
2005-03-13,13:00:00,1.4,1325,-200,8.5,921,358,570,159,1345,1297,14.2,57.8,0.9292
2005-03-13,14:00:00,0.3,1057,-200,2.8,641,170,803,110,1103,616,17.2,46.2,0.8989
2005-03-13,15:00:00,0.1,1078,-200,3.3,668,130,855,82,1109,509,19.9,36.6,0.8406
2005-03-13,16:00:00,0.3,1159,-200,5,762,177,742,102,1158,590,19.7,37.1,0.8399
2005-03-13,17:00:00,0.5,1195,-200,5.6,795,233,710,119,1157,718,19,37.4,0.8122
2005-03-13,18:00:00,0.8,1217,-200,7.1,861,282,642,135,1234,898,16.4,43.5,0.8055
2005-03-13,19:00:00,3.2,1542,-200,16.7,1200,583,469,215,1520,1577,15.1,49.8,0.8458
2005-03-13,20:00:00,2.8,1407,-200,12.5,1066,566,525,211,1397,1560,14.8,51,0.8507
2005-03-13,21:00:00,1,1189,-200,6.6,837,323,665,172,1204,1208,14.6,51.6,0.8508
2005-03-13,22:00:00,0.9,1208,-200,8.3,911,318,613,166,1245,1244,13.7,52.1,0.8121
2005-03-13,23:00:00,0.9,1207,-200,7.1,861,336,649,168,1217,1181,13.2,55.6,0.8412
2005-03-14,0:00:00,0.4,1056,-200,3.8,699,196,787,134,1085,828,13.2,55.9,0.8465
2005-03-14,1:00:00,0.4,1128,-200,5.2,771,193,733,122,1178,923,11.7,62.1,0.8535
2005-03-14,2:00:00,0.3,1119,-200,5.3,778,192,705,123,1187,1096,9.9,68.9,0.8388
2005-03-14,3:00:00,0.1,1077,-200,3.8,701,147,761,104,1122,1106,9.8,68,0.8227
2005-03-14,4:00:00,-200,1036,-200,2.8,636,122,845,90,1084,976,8.9,71.9,0.8202
2005-03-14,5:00:00,0.8,1016,-200,2.9,647,117,824,85,1090,937,8.4,74.5,0.8241
2005-03-14,6:00:00,1,1103,-200,4.4,730,201,735,103,1139,1049,9.2,71,0.8299
2005-03-14,7:00:00,1.6,1176,-200,7.5,880,318,634,127,1257,1180,9.9,67.6,0.8239
2005-03-14,8:00:00,3.5,1430,-200,15.7,1169,658,481,163,1543,1514,10.8,64.4,0.8328
2005-03-14,9:00:00,4,1572,-200,22.9,1374,680,411,155,1763,1771,11.7,61.7,0.8483
2005-03-14,10:00:00,3.5,1243,-200,10.8,1006,497,572,170,1349,1395,13.7,51.9,0.8106
2005-03-14,11:00:00,1.6,1101,-200,6.1,817,290,707,141,1157,1024,16.3,43.5,0.7988
2005-03-14,12:00:00,1.5,1103,-200,7,857,230,681,123,1182,946,17.9,38.8,0.7883
2005-03-14,13:00:00,1.5,1116,-200,7.1,859,215,670,124,1197,864,19.3,35.5,0.7876
2005-03-14,14:00:00,1.7,1141,-200,8.1,904,226,646,126,1249,889,20.1,32.9,0.7672
2005-03-14,15:00:00,1.6,1151,-200,7.7,885,240,660,128,1222,903,20,33,0.7625
2005-03-14,16:00:00,2.4,1263,-200,10.8,1008,391,597,158,1308,1121,20.2,32.2,0.7526
2005-03-14,17:00:00,3.4,1324,-200,14.4,1128,492,540,177,1441,1319,18.9,34.4,0.7436
2005-03-14,18:00:00,5.4,1533,-200,25.4,1439,700,416,225,1799,1829,17.9,37.6,0.7624
2005-03-14,19:00:00,6.5,1626,-200,29.1,1531,782,371,234,1937,2000,16.7,43.4,0.8168
2005-03-14,20:00:00,6.5,1639,-200,28.3,1510,728,378,227,1904,2001,15.9,47.9,0.8573
2005-03-14,21:00:00,4,1346,-200,14.2,1124,510,502,192,1490,1598,15.3,52.6,0.906
2005-03-14,22:00:00,2.1,1218,-200,8.4,914,308,597,158,1291,1383,13.7,58.5,0.9146
2005-03-14,23:00:00,1.6,1166,-200,7.5,880,248,631,149,1280,1238,12.7,62.8,0.9198
2005-03-15,0:00:00,1.5,1095,-200,5.2,772,233,721,140,1175,1023,12.2,65,0.9193
2005-03-15,1:00:00,0.7,958,-200,2.2,601,96,947,79,1054,659,13,61.2,0.9105
2005-03-15,2:00:00,0.7,960,-200,2,582,90,933,69,1062,657,11.1,66.1,0.8738
2005-03-15,3:00:00,0.6,972,-200,1.8,571,95,931,72,1063,764,10.1,69.8,0.8619
2005-03-15,4:00:00,0.5,911,-200,1.1,508,68,1048,58,1005,667,11.6,61,0.8299
2005-03-15,5:00:00,0.4,923,-200,1.2,516,75,1049,59,1002,667,10.1,64.5,0.7968
2005-03-15,6:00:00,0.6,981,-200,2.4,610,145,867,88,1068,856,9.3,67.9,0.7969
2005-03-15,7:00:00,0.9,1038,-200,3.8,701,185,760,110,1102,940,10.1,64.3,0.7934
2005-03-15,8:00:00,2.6,1370,-200,14,1118,506,495,151,1459,1406,10.4,62.7,0.7909
2005-03-15,9:00:00,3.3,1471,-200,18.9,1265,485,434,158,1655,1617,13,53.9,0.8036
2005-03-15,10:00:00,4,1447,-200,15.6,1167,684,466,194,1514,1694,16.4,44.6,0.8242
2005-03-15,11:00:00,3.1,1329,-200,13.2,1090,562,508,181,1401,1473,19.1,36.7,0.8044
2005-03-15,12:00:00,2.2,1197,-200,10.3,989,357,577,161,1297,1087,21,30.6,0.7508
2005-03-15,13:00:00,2.1,1198,-200,9.7,968,306,590,143,1264,945,22.1,27.6,0.7254
2005-03-15,14:00:00,2.2,1171,-200,10,977,292,608,142,1234,905,22.2,25.5,0.6752
2005-03-15,15:00:00,1.9,1191,-200,10.9,1011,305,620,146,1262,903,23.6,23.2,0.6665
2005-03-15,16:00:00,2.5,1213,-200,12.3,1060,386,578,166,1292,1041,23.6,22.9,0.6571
2005-03-15,17:00:00,2.9,1258,-200,14.2,1124,408,552,172,1363,1194,22.8,24.6,0.6736
2005-03-15,18:00:00,3.9,1413,-200,21.6,1339,521,464,196,1611,1533,20.3,29.7,0.6973
2005-03-15,19:00:00,6.3,1610,-200,30.9,1573,766,381,243,1890,1932,18,36,0.7345
2005-03-15,20:00:00,7.4,1710,-200,33.5,1632,841,346,248,2028,2140,16.4,41.9,0.7759
2005-03-15,21:00:00,5.7,1515,-200,19.9,1295,754,435,233,1615,1871,14.9,47.6,0.8003
2005-03-15,22:00:00,2.3,1199,-200,8.4,916,350,613,174,1227,1435,13.8,49.6,0.7793
2005-03-15,23:00:00,1.5,1128,-200,6.1,818,244,674,149,1156,1303,13.2,51.6,0.7765
2005-03-16,0:00:00,1.4,1108,-200,5.7,798,221,694,134,1144,1199,11.8,56.9,0.7836
2005-03-16,1:00:00,1.1,1038,-200,4,709,183,768,123,1087,1069,11.4,58,0.7818
2005-03-16,2:00:00,0.9,1004,-200,2.9,646,166,823,111,1054,989,11.3,58,0.7742
2005-03-16,3:00:00,0.7,969,-200,2,584,133,904,93,1021,899,10.7,59.6,0.7673
2005-03-16,4:00:00,0.6,938,-200,1.7,559,147,942,97,1026,850,9,65.4,0.7532
2005-03-16,5:00:00,0.6,927,-200,1.6,549,119,967,86,1008,828,8,68.9,0.7402
2005-03-16,6:00:00,0.8,977,-200,3.3,673,179,830,99,1060,902,7.5,70.9,0.7358
2005-03-16,7:00:00,1,1011,-200,3.6,685,178,823,99,1054,902,7.6,69.2,0.7238
2005-03-16,8:00:00,2.1,1228,-200,10.2,984,390,588,129,1293,1222,8.7,64.3,0.7257
2005-03-16,9:00:00,4.2,1521,-200,25.2,1434,579,404,161,1809,1784,11.7,54.3,0.7459
2005-03-16,10:00:00,4.3,1425,-200,16,1178,735,468,202,1477,1761,15.9,42.2,0.7553
2005-03-16,11:00:00,3.2,1339,-200,13.3,1094,568,509,200,1376,1634,19.3,34.7,0.7681
2005-03-16,12:00:00,2.8,1310,-200,11.9,1046,487,552,194,1351,1527,23.1,27.3,0.7615
2005-03-16,13:00:00,2.4,1250,-200,10.9,1012,343,585,173,1249,1192,26.1,20.8,0.6959
2005-03-16,14:00:00,2.5,1181,-200,11,1015,351,617,169,1192,1023,26.8,17.9,0.6249
2005-03-16,15:00:00,2.9,1272,-200,17.3,1220,417,533,188,1353,1251,28.4,16,0.6095
2005-03-16,16:00:00,3,1231,-200,12.4,1064,509,618,211,1188,1082,28.8,15.1,0.5877
2005-03-16,17:00:00,3.6,1286,-200,17.4,1223,573,529,210,1350,1348,27.9,15.6,0.5782
2005-03-16,18:00:00,3.5,1315,-200,17.5,1225,518,509,193,1408,1365,24.1,20.6,0.6075
2005-03-16,19:00:00,4.8,1494,-200,26.2,1460,641,420,227,1682,1827,21,28,0.6904
2005-03-16,20:00:00,4.4,1494,-200,23.1,1381,544,422,223,1677,1879,18.4,38.8,0.8152
2005-03-16,21:00:00,4.9,1545,-200,23.5,1390,582,423,229,1676,1915,16.9,42.9,0.8222
2005-03-16,22:00:00,2.9,1354,-200,13.3,1094,407,517,194,1357,1705,15.5,45,0.7895
2005-03-16,23:00:00,2.1,1301,-200,10.5,998,327,553,171,1283,1610,14.3,49.6,0.8049
2005-03-17,0:00:00,1.6,1144,-200,6.3,826,221,661,147,1158,1300,14.7,48,0.7977
2005-03-17,1:00:00,1.2,1080,-200,4.4,732,142,748,111,1087,1093,13.3,51.4,0.7821
2005-03-17,2:00:00,0.9,1013,-200,3.3,671,123,817,104,1056,986,12.6,53.7,0.7793
2005-03-17,3:00:00,0.7,966,-200,2,587,106,921,90,1017,846,11.5,56.8,0.7706
2005-03-17,4:00:00,-200,959,-200,1.9,578,100,909,81,1016,822,10.1,61.9,0.7631
2005-03-17,5:00:00,0.5,919,-200,1.4,532,85,997,69,983,714,9.8,61.8,0.7523
2005-03-17,6:00:00,0.6,953,-200,2.3,604,114,903,84,1020,838,9,64.3,0.7417
2005-03-17,7:00:00,1.3,1117,-200,5.9,808,299,669,123,1178,1109,7.9,68.4,0.7324
2005-03-17,8:00:00,3.8,1485,-200,18.9,1265,723,441,166,1647,1676,9.5,62.6,0.7444
2005-03-17,9:00:00,5.6,1583,-200,26.1,1457,745,376,189,1808,1976,13.2,51,0.7704
2005-03-17,10:00:00,4.4,1448,-200,16.2,1187,668,471,217,1490,1814,16.9,40.3,0.7717
2005-03-17,11:00:00,3,1294,-200,10.8,1006,571,567,196,1296,1538,20.8,31.3,0.7617
2005-03-17,12:00:00,2.2,1269,-200,11.1,1016,388,579,189,1273,1383,24.3,24.7,0.7407
2005-03-17,13:00:00,2,1247,-200,10.2,985,323,581,174,1255,1184,26.7,22.6,0.7785
2005-03-17,14:00:00,2.2,1239,-200,11.9,1045,312,559,161,1312,1094,27.1,21.7,0.7636
2005-03-17,15:00:00,2.1,1199,-200,11.8,1041,320,574,158,1271,986,28.3,17.9,0.6769
2005-03-17,16:00:00,2.2,1216,-200,10.9,1013,322,576,161,1277,967,27.8,20,0.7378
2005-03-17,17:00:00,1.9,1131,-200,8.6,925,276,638,147,1158,831,26.2,19.4,0.6491
2005-03-17,18:00:00,2.7,1300,-200,15,1149,341,530,165,1353,1182,22.7,24.4,0.6661
2005-03-17,19:00:00,3.9,1358,-200,21.3,1331,531,459,214,1518,1523,20.2,29.3,0.686
2005-03-17,20:00:00,5.6,1492,-200,24.8,1425,653,417,228,1690,1780,17.3,35.2,0.6907
2005-03-17,21:00:00,4.9,1413,-200,18.4,1251,646,478,240,1504,1682,16.1,38.7,0.7023
2005-03-17,22:00:00,2.2,1210,-200,9.1,943,333,611,188,1224,1390,14.6,44.5,0.7337
2005-03-17,23:00:00,1.9,1196,-200,8.1,902,299,620,173,1185,1390,13.7,48.6,0.7555
2005-03-18,0:00:00,1.4,1101,-200,5.9,809,224,690,150,1123,1201,12.4,52.2,0.7513
2005-03-18,1:00:00,1.3,1076,-200,5.1,770,195,721,134,1093,1107,11.9,53.4,0.7414
2005-03-18,2:00:00,1.1,1040,-200,4.5,736,209,740,132,1099,1050,10.4,58.4,0.7367
2005-03-18,3:00:00,0.9,989,-200,3.2,667,168,824,117,1048,943,8.9,63.5,0.7268
2005-03-18,4:00:00,0.9,966,-200,2.8,639,153,843,103,1033,903,8.2,65.9,0.7168
2005-03-18,5:00:00,0.7,912,-200,2,587,140,922,99,1002,826,7.7,67.1,0.7074
2005-03-18,6:00:00,0.8,960,-200,3.3,668,184,841,106,1038,878,7.2,68.6,0.6978
2005-03-18,7:00:00,1.2,1028,-200,5.4,784,266,709,113,1110,996,7.5,66.7,0.6943
2005-03-18,8:00:00,2.9,1375,-200,14.5,1134,518,504,141,1467,1470,8.7,61.6,0.696
2005-03-18,9:00:00,5.4,1522,-200,26.5,1466,681,380,180,1822,1883,12,51,0.7131
2005-03-18,10:00:00,4.3,1400,-200,17.6,1227,558,465,192,1542,1661,15.4,42.5,0.7379
2005-03-18,11:00:00,3.1,1323,-200,14.9,1144,457,502,187,1405,1568,18.8,33.5,0.7186
2005-03-18,12:00:00,2.4,1250,-200,10.3,990,353,579,169,1262,1291,22.2,28.1,0.7426
2005-03-18,13:00:00,2.3,1283,-200,12,1048,313,550,161,1336,1226,24.7,25.5,0.7785
2005-03-18,14:00:00,2.3,1171,-200,10.4,993,290,597,160,1208,841,25,23.4,0.7301
2005-03-18,15:00:00,2.3,1264,-200,12.9,1081,318,555,177,1323,951,25.9,21.9,0.7209
2005-03-18,16:00:00,3.4,1301,-200,15.1,1152,479,525,219,1343,1151,25.6,21.7,0.7039
2005-03-18,17:00:00,3.7,1321,-200,15.8,1175,494,525,212,1366,1279,25.1,21.8,0.6854
2005-03-18,18:00:00,4.1,1343,-200,20.1,1298,551,477,225,1495,1416,22.1,25.6,0.6728
2005-03-18,19:00:00,5.6,1493,-200,25.6,1444,701,417,240,1702,1738,19.1,32.5,0.7112
2005-03-18,20:00:00,5.3,1545,-200,24,1403,571,407,223,1743,1821,16.7,42.5,0.8002
2005-03-18,21:00:00,4.9,1477,-200,18.3,1247,643,456,241,1562,1733,15.5,48.3,0.8439
2005-03-18,22:00:00,2,1202,-200,7.2,864,282,620,159,1255,1115,13.3,60.5,0.9168
2005-03-18,23:00:00,1.9,1236,-200,6.8,849,251,631,150,1274,1131,12.1,67.6,0.9539
2005-03-19,0:00:00,2.2,1206,-200,6.8,849,307,640,163,1245,1127,11.8,68.3,0.9432
2005-03-19,1:00:00,1.9,1192,-200,6.4,832,282,646,155,1253,1167,11.6,68.3,0.9314
2005-03-19,2:00:00,1.1,1044,-200,2.7,630,160,845,119,1099,809,11.8,67.9,0.9362
2005-03-19,3:00:00,1,1053,-200,2.9,648,125,808,94,1109,709,12.3,65.8,0.9374
2005-03-19,4:00:00,0.9,1023,-200,2.2,600,106,872,80,1089,575,12.2,66.9,0.9496
2005-03-19,5:00:00,0.9,1005,-200,2.5,620,111,846,83,1098,572,12.1,67.3,0.948
2005-03-19,6:00:00,0.7,959,-200,1.9,578,115,907,79,1079,546,11.8,67.1,0.9274
2005-03-19,7:00:00,1,1049,-200,3.6,686,156,793,96,1159,795,11.9,65.6,0.9129
2005-03-19,8:00:00,2,1255,-200,10.1,983,320,555,141,1439,1268,12.2,65.6,0.93
2005-03-19,9:00:00,2.7,1285,-200,10.9,1009,380,517,153,1452,1366,12.8,64.4,0.9448
2005-03-19,10:00:00,2.5,1254,-200,9.9,973,371,543,156,1403,1328,13.4,62,0.9498
2005-03-19,11:00:00,2.4,1253,-200,9.7,966,343,560,162,1378,1251,14.5,57,0.9333
2005-03-19,12:00:00,2.2,1242,-200,8.9,935,297,584,164,1327,1127,15.8,51.3,0.9144
2005-03-19,13:00:00,2.1,1212,-200,8.5,918,281,593,160,1308,1066,17.5,46,0.9104
2005-03-19,14:00:00,1.8,1165,-200,6.6,839,220,652,140,1214,867,19.5,40.2,0.901
2005-03-19,15:00:00,1.4,1136,-200,5.4,781,174,712,119,1169,691,21.2,35.9,0.8943
2005-03-19,16:00:00,2.1,1233,-200,8.7,926,260,617,153,1293,917,21.7,35.1,0.8993
2005-03-19,17:00:00,1.7,1177,-200,5.8,800,222,696,139,1191,748,20.5,38.4,0.9161
2005-03-19,18:00:00,1.9,1223,-200,7.6,883,266,614,156,1289,968,18.2,45.9,0.9488
2005-03-19,19:00:00,2.7,1360,-200,12.4,1063,387,507,183,1483,1420,16.2,53,0.9722
2005-03-19,20:00:00,3.2,1435,-200,14.7,1140,425,477,185,1550,1530,15,57.6,0.9777
2005-03-19,21:00:00,3.3,1305,-200,10.5,995,484,552,200,1402,1341,14.1,60.8,0.9716
2005-03-19,22:00:00,2.3,1199,-200,7.3,869,325,618,163,1306,1160,13.2,65.6,0.9882
2005-03-19,23:00:00,1.9,1217,-200,8.5,921,257,589,154,1336,1261,13.5,63.8,0.9797
2005-03-20,0:00:00,1.9,1200,-200,6.8,847,273,636,151,1297,1132,13.6,63.4,0.9794
2005-03-20,1:00:00,1.9,1150,-200,5.9,807,276,669,149,1243,1042,13.6,63.5,0.9857
2005-03-20,2:00:00,1.5,1086,-200,4.3,726,202,736,131,1192,848,13.4,64.8,0.988
2005-03-20,3:00:00,1.1,1027,-200,3.5,684,132,788,94,1149,666,13.2,64.8,0.9801
2005-03-20,4:00:00,-200,993,-200,2.8,640,85,848,66,1110,548,13,65.3,0.9704
2005-03-20,5:00:00,0.8,985,-200,2.4,610,87,851,69,1101,604,12.6,65.9,0.9583
2005-03-20,6:00:00,0.6,934,-200,1.6,552,70,966,57,1063,520,13.1,64,0.9591
2005-03-20,7:00:00,0.7,977,-200,2.7,631,113,859,78,1120,659,12.4,66.2,0.95
2005-03-20,8:00:00,0.7,970,-200,2.5,618,112,888,84,1095,611,13.3,62.4,0.946
2005-03-20,9:00:00,1,1041,-200,3.9,706,140,778,97,1178,756,14,59.7,0.9491
2005-03-20,10:00:00,1.5,1144,-200,6.2,821,214,651,123,1262,988,15.4,54,0.9385
2005-03-20,11:00:00,2.4,1209,-200,8.8,933,334,581,166,1329,1058,17,47.5,0.9146
2005-03-20,12:00:00,1.6,1083,-200,4.3,727,203,763,130,1135,636,18.6,42.6,0.904
2005-03-20,13:00:00,1.2,1063,-200,3.4,678,163,796,109,1107,522,21.5,35,0.8886
2005-03-20,14:00:00,0.9,988,-200,2.2,600,110,912,82,1033,415,21.3,35.6,0.8924
2005-03-20,15:00:00,0.9,1060,-200,3.6,686,107,830,73,1110,445,23.1,32.1,0.8973
2005-03-20,16:00:00,1.1,1087,-200,4.1,717,135,786,91,1112,515,22.1,34.5,0.9035
2005-03-20,17:00:00,1.4,1153,-200,5.7,798,187,715,109,1184,678,21.5,35.7,0.905
2005-03-20,18:00:00,1.7,1167,-200,6.6,838,240,660,128,1227,825,19.3,41.6,0.923
2005-03-20,19:00:00,2.9,1370,-200,12.7,1072,398,535,155,1428,1233,17.3,47.8,0.9363
2005-03-20,20:00:00,4,1403,-200,14.8,1142,585,492,176,1518,1419,16,54.9,0.9934
2005-03-20,21:00:00,4,1364,-200,12.3,1061,590,534,179,1436,1397,15.6,58,1.0197
2005-03-20,22:00:00,1.9,1111,-200,6.3,825,295,679,124,1238,975,14.8,61.3,1.025
2005-03-20,23:00:00,1.5,1091,-200,5.3,777,209,711,105,1217,891,13.8,63.4,0.9916
2005-03-21,0:00:00,1.5,1107,-200,5.3,777,183,697,99,1221,945,13.1,66.1,0.9913
2005-03-21,1:00:00,1.6,1095,-200,4.7,746,177,716,104,1217,916,13.3,66.4,1.0128
2005-03-21,2:00:00,1.1,1027,-200,3.3,673,126,794,95,1160,770,13.3,67,1.0207
2005-03-21,3:00:00,0.8,996,-200,2.7,631,100,845,81,1153,697,13.1,68.6,1.0288
2005-03-21,4:00:00,0.7,955,-200,2,582,83,902,68,1118,611,12.2,72.4,1.0224
2005-03-21,5:00:00,0.6,947,-200,1.6,553,84,944,69,1110,693,11.6,73.8,1.0054
2005-03-21,6:00:00,0.7,1003,-200,3,650,113,831,73,1158,750,12.9,67.5,0.999
2005-03-21,7:00:00,1.3,1120,-200,6.1,815,270,660,113,1291,1053,12.8,68,1.0023
2005-03-21,8:00:00,3.2,1476,-200,17.3,1219,487,459,141,1673,1561,13.5,63.9,0.9875
2005-03-21,9:00:00,6.1,1653,-200,31,1573,723,345,174,2147,1920,14.7,59.8,0.9928
2005-03-21,10:00:00,4.3,1403,-200,15.4,1161,614,487,178,1576,1583,15.9,56.6,1.0147
2005-03-21,11:00:00,2.6,1241,-200,10.9,1011,395,545,163,1428,1274,18.3,49.4,1.0264
2005-03-21,12:00:00,2,1176,-200,8.4,914,310,621,143,1347,1083,19.8,44.2,1.0091
2005-03-21,13:00:00,1.8,1160,-200,7.1,862,259,636,127,1320,924,21.6,39.6,1.009
2005-03-21,14:00:00,2.1,1224,-200,10,977,251,571,131,1424,1002,23.3,35.8,1.0086
2005-03-21,15:00:00,2.1,1175,-200,8.2,906,261,616,135,1332,905,23.8,33.4,0.9699
2005-03-21,16:00:00,2,1235,-200,9.2,947,241,594,131,1362,923,22.8,35.3,0.9693
2005-03-21,17:00:00,2.6,1288,-200,12.4,1064,317,539,153,1446,1123,22.8,34.9,0.9576
2005-03-21,18:00:00,4.5,1512,-200,23.3,1386,505,425,198,1831,1602,20.9,39.3,0.9615
2005-03-21,19:00:00,6.4,1609,-200,29.7,1544,669,367,232,1999,1878,18.6,46.4,0.9867
2005-03-21,20:00:00,6,1537,-200,25.7,1446,638,392,224,1855,1840,17.2,52.7,1.0285
2005-03-21,21:00:00,3.8,1315,-200,14.3,1126,433,498,183,1537,1474,15.3,61,1.054
2005-03-21,22:00:00,2.1,1155,-200,8.2,909,252,604,144,1331,1244,14.2,65.4,1.0497
2005-03-21,23:00:00,1.2,1033,-200,4.9,759,154,735,117,1185,937,13.8,65.2,1.0275
2005-03-22,0:00:00,1.3,1078,-200,5.9,808,152,696,106,1221,891,13.3,65.6,0.9969
2005-03-22,1:00:00,1.5,1069,-200,5.7,799,181,682,121,1211,1044,12.6,67.9,0.9886
2005-03-22,2:00:00,0.9,952,-200,2.9,648,109,847,87,1107,792,12.8,64.5,0.9493
2005-03-22,3:00:00,0.7,910,-200,1.8,570,73,964,62,1060,670,12.8,63.6,0.936
2005-03-22,4:00:00,0.5,878,-200,1.2,517,83,1069,70,1046,689,12,65.2,0.9103
2005-03-22,5:00:00,0.6,899,-200,1.6,556,90,1001,66,1064,717,10.6,70.8,0.9033
2005-03-22,6:00:00,0.7,939,-200,2.5,620,151,905,88,1095,813,10.9,69.2,0.9033
2005-03-22,7:00:00,0.9,1001,-200,3.8,701,191,816,93,1130,891,10.3,70.9,0.8907
2005-03-22,8:00:00,2.2,1303,-200,13.5,1102,403,536,116,1488,1323,11.8,66.3,0.9174
2005-03-22,9:00:00,4.7,1557,-200,27.8,1499,555,381,151,1945,1817,14.1,58.9,0.9447
2005-03-22,10:00:00,4.5,1402,-200,18.8,1263,551,446,169,1640,1723,16.5,51.6,0.9601
2005-03-22,11:00:00,3.1,1380,-200,15.7,1170,473,477,166,1566,1656,20.2,42.1,0.984
2005-03-22,12:00:00,2.8,1350,-200,15.6,1168,388,475,160,1564,1539,21.7,39,0.9979
2005-03-22,13:00:00,2.4,1283,-200,12.3,1061,296,525,145,1434,1294,23.5,35,0.9977
2005-03-22,14:00:00,2.5,1293,-200,12.4,1064,283,522,131,1446,1229,23.5,34.2,0.9748
2005-03-22,15:00:00,2,1197,-200,9.1,943,256,599,130,1294,951,25.5,28.3,0.9124
2005-03-22,16:00:00,1.7,1142,-200,8.6,924,234,629,122,1236,819,25.5,24.7,0.7928
2005-03-22,17:00:00,1.7,1147,-200,8.4,914,215,633,113,1233,801,22.9,29.2,0.8055
2005-03-22,18:00:00,3.3,1448,-200,20.9,1322,454,447,156,1655,1492,21.3,32.9,0.8209
2005-03-22,19:00:00,4.5,1487,-200,21.9,1350,605,418,198,1698,1692,20.1,42.4,0.988
2005-03-22,20:00:00,5.8,1476,-200,20.4,1308,529,428,175,1674,1654,18.6,46.6,0.9858
2005-03-22,21:00:00,4.3,1282,-200,11,1013,354,545,141,1384,1287,17.4,50.6,0.9989
2005-03-22,22:00:00,3,1147,-200,6.8,848,195,636,101,1289,938,16.4,57.2,1.0574
2005-03-22,23:00:00,2.8,1130,-200,6.3,828,161,645,102,1283,973,16.3,59.4,1.0895
2005-03-23,0:00:00,2.7,1154,-200,6.2,822,187,656,119,1285,1087,16,60.2,1.0844
2005-03-23,1:00:00,2.4,1049,-200,3.5,683,156,782,110,1190,796,15.6,61.6,1.0859
2005-03-23,2:00:00,2.2,1056,-200,3.3,672,116,769,87,1184,830,15.4,62,1.0793
2005-03-23,3:00:00,2,1011,-200,2.5,622,83,827,66,1158,703,15.2,63.5,1.0881
2005-03-23,4:00:00,-200,993,-200,2.3,604,85,848,65,1160,762,14.5,66.4,1.0919
2005-03-23,5:00:00,0.5,976,-200,1.8,568,78,891,63,1143,705,15,64.8,1.1007
2005-03-23,6:00:00,0.7,1050,-200,3.6,690,127,761,71,1223,867,14.2,68.3,1.0988
2005-03-23,7:00:00,1.2,1143,-200,6.1,818,279,646,103,1316,1122,14,68.6,1.0918
2005-03-23,8:00:00,3.9,1606,-200,22.3,1360,649,396,144,1895,1771,15.4,63.4,1.1045
2005-03-23,9:00:00,4.9,1592,-200,27,1478,593,360,158,1975,1874,17.8,53.3,1.0736
2005-03-23,10:00:00,4.6,1510,-200,19.5,1282,584,419,169,1726,1812,19.4,47.5,1.061
2005-03-23,11:00:00,3.4,1421,-200,15.8,1172,563,474,184,1513,1726,21.4,38.7,0.9724
2005-03-23,12:00:00,2,1169,-200,10.3,987,337,596,143,1285,1184,22.9,29.3,0.8077
2005-03-23,13:00:00,1.9,1187,-200,11,1014,272,578,133,1315,1131,24.2,26.5,0.7869
2005-03-23,14:00:00,2.4,1171,-200,11.9,1045,322,570,141,1291,1149,24.5,23.1,0.6968
2005-03-23,15:00:00,2.4,1175,-200,11.7,1040,362,582,153,1268,1185,23.1,22.8,0.6346
2005-03-23,16:00:00,2.2,1216,-200,12,1050,361,564,149,1311,1244,23.3,23.8,0.6738
2005-03-23,17:00:00,2.5,1239,-200,12.3,1062,431,558,159,1299,1380,23.2,23.3,0.6562
2005-03-23,18:00:00,3.9,1463,-200,23.2,1383,545,440,181,1636,1727,22.7,25.5,0.6944
2005-03-23,19:00:00,6.2,1616,-200,32.6,1610,796,374,227,1909,2021,21,29.2,0.7192
2005-03-23,20:00:00,7.2,1663,-200,32,1597,874,366,230,1906,2159,19.5,35.6,0.7978
2005-03-23,21:00:00,3.9,1445,-200,18.8,1263,551,464,194,1500,1844,18.8,37.3,0.8031
2005-03-23,22:00:00,2.4,1293,-200,12.1,1052,393,536,172,1332,1593,17.7,39.7,0.799
2005-03-23,23:00:00,2.3,1354,-200,13,1084,369,502,158,1380,1651,16.7,45.2,0.8506
2005-03-24,0:00:00,1.9,1251,-200,9.9,973,314,559,144,1277,1482,15.9,47,0.8434
2005-03-24,1:00:00,1.7,1222,-200,8.1,902,294,590,133,1256,1384,15.1,50.2,0.8543
2005-03-24,2:00:00,0.9,1044,-200,3.8,702,165,746,109,1099,1101,15.3,49.2,0.8493
2005-03-24,3:00:00,0.7,1006,-200,3.1,659,143,791,94,1082,999,13.1,56.1,0.8416
2005-03-24,4:00:00,0.5,953,-200,2,583,93,889,73,1043,895,13.3,54.4,0.8287
2005-03-24,5:00:00,0.4,959,-200,2.2,598,111,878,76,1045,904,12.4,58.3,0.8364
2005-03-24,6:00:00,0.4,949,-200,2.3,607,105,884,74,1043,851,12.9,56,0.8292
2005-03-24,7:00:00,0.7,1073,-200,4.9,760,173,727,73,1128,1052,11.9,59.6,0.8294
2005-03-24,8:00:00,3.1,1499,-200,19.8,1291,541,444,107,1653,1609,13.4,55.1,0.8444
2005-03-24,9:00:00,3.4,1404,-200,15,1149,581,469,115,1523,1614,16.1,46.4,0.8436
2005-03-24,10:00:00,3.5,1465,-200,18.1,1241,591,434,132,1572,1774,17.9,42.2,0.8557
2005-03-24,11:00:00,3.2,1474,-200,15.3,1158,653,469,155,1476,1802,18.2,43.2,0.8926
2005-03-24,12:00:00,3.2,1611,-200,17.8,1233,690,413,140,1687,1741,16,67.9,1.2217
2005-03-24,13:00:00,3.3,1590,-200,17.3,1219,602,410,147,1677,1830,17.6,59.7,1.188
2005-03-24,14:00:00,3,1422,-200,14.1,1120,489,476,161,1525,1696,20.9,43.4,1.0618
2005-03-24,15:00:00,2,1273,-200,10.3,988,288,563,123,1387,1257,24.1,33.3,0.9881
2005-03-24,16:00:00,2.3,1296,-200,11,1014,323,543,142,1401,1305,22.9,35.2,0.9694
2005-03-24,17:00:00,2.2,1247,-200,10.3,989,301,557,143,1383,1183,22.2,36.2,0.956
2005-03-24,18:00:00,2.7,1359,-200,14.6,1135,335,505,153,1500,1347,21.3,37.8,0.9462
2005-03-24,19:00:00,5.9,1726,-200,30.8,1570,659,359,200,2021,1947,20.1,43.2,1.0051
2005-03-24,20:00:00,7.5,1818,-200,35.5,1675,847,330,232,2143,2129,18.8,49.1,1.0538
2005-03-24,21:00:00,5,1667,-200,24.2,1410,691,383,201,1818,1948,18.2,52.2,1.0795
2005-03-24,22:00:00,4,1549,-200,17.8,1233,590,424,175,1648,1804,17.4,57.3,1.1288
2005-03-24,23:00:00,2.7,1385,-200,11.9,1045,449,496,159,1462,1572,17,56.6,1.0902
2005-03-25,0:00:00,2,1320,-200,9.3,950,316,542,135,1428,1426,16.2,66.3,1.208
2005-03-25,1:00:00,1.5,1205,-200,6.3,828,239,622,128,1344,1170,15.3,73.3,1.2655
2005-03-25,2:00:00,1,1099,-200,4,709,165,727,109,1263,1000,15.2,73.3,1.2556
2005-03-25,3:00:00,1,1106,-200,4.1,715,152,714,101,1279,949,13.9,80.4,1.2694
2005-03-25,4:00:00,0.9,1099,-200,4.1,718,144,714,96,1300,905,13.6,82.8,1.2817
2005-03-25,5:00:00,0.8,1042,-200,3.3,671,126,754,87,1255,845,13.7,82,1.277
2005-03-25,6:00:00,0.6,980,-200,2.5,621,132,858,81,1190,692,13.7,78,1.2174
2005-03-25,7:00:00,1,1138,-200,5.4,782,228,705,100,1321,926,14.1,75.5,1.2065
2005-03-25,8:00:00,3.2,1517,-200,17.4,1222,580,437,146,1750,1470,14.8,73.6,1.2331
2005-03-25,9:00:00,4.3,1537,-200,22.9,1374,564,384,158,1941,1660,16,67.8,1.2276
2005-03-25,10:00:00,2.7,1296,-200,11.1,1017,369,526,136,1494,1360,18.4,59.2,1.2398
2005-03-25,11:00:00,1.6,1255,-200,9.5,958,260,579,117,1420,1215,20.4,50.5,1.1954
2005-03-25,12:00:00,1.4,1367,-200,13.6,1105,371,503,140,1578,1391,21.3,46.6,1.1628
2005-03-25,13:00:00,2.3,1473,-200,17,1210,513,462,169,1686,1521,20.4,49.8,1.1765
2005-03-25,14:00:00,2.1,1422,-200,15.8,1175,471,474,163,1647,1483,21.1,47.8,1.1813
2005-03-25,15:00:00,1.4,1378,-200,14.3,1125,378,502,144,1601,1380,21.5,47.8,1.206
2005-03-25,16:00:00,3.4,1446,-200,17.5,1224,445,471,153,1706,1450,21.7,47.4,1.2184
2005-03-25,17:00:00,3.8,1473,-200,17.8,1235,483,468,164,1702,1519,21,49.8,1.2208
2005-03-25,18:00:00,4.9,1619,-200,24.3,1411,530,417,174,1908,1684,20.4,51.9,1.2261
2005-03-25,19:00:00,5.7,1673,-200,27.2,1484,649,397,196,2008,1812,19.4,56.3,1.25
2005-03-25,20:00:00,5.5,1605,-200,23.7,1397,604,420,189,1891,1710,18.8,58.3,1.2514
2005-03-25,21:00:00,3.9,1460,-200,16.7,1201,486,466,155,1685,1591,18.2,61,1.2634
2005-03-25,22:00:00,3.1,1407,-200,14,1117,402,486,137,1596,1521,17.7,63.3,1.2729
2005-03-25,23:00:00,2,1286,-200,10.1,982,268,550,117,1458,1353,17.7,63.5,1.27
2005-03-26,0:00:00,2.5,1372,-200,12.1,1054,350,504,128,1534,1463,17.1,66.9,1.2926
2005-03-26,1:00:00,2.2,1312,-200,10.5,995,312,527,124,1488,1447,16.8,69,1.3135
2005-03-26,2:00:00,1.5,1205,-200,7.2,867,243,601,108,1361,1294,16.6,70,1.3078
2005-03-26,3:00:00,1.2,1167,-200,6.4,829,202,622,89,1360,1172,16.1,71.3,1.2955
2005-03-26,4:00:00,-200,1122,-200,6,811,181,641,92,1336,1122,16.2,71.2,1.3013
2005-03-26,5:00:00,0.8,1126,-200,5.3,779,139,663,84,1309,1103,16.3,69.8,1.2853
2005-03-26,6:00:00,0.1,1121,-200,4.9,757,156,672,83,1293,1113,16.1,70,1.2739
2005-03-26,7:00:00,1.1,1135,-200,5.7,797,175,651,80,1325,1109,16.1,69.5,1.2623
2005-03-26,8:00:00,1.7,1248,-200,9,939,281,565,93,1458,1229,16.5,68.1,1.2653
2005-03-26,9:00:00,2.1,1325,-200,10.9,1010,322,513,106,1522,1404,17.4,65,1.2775
2005-03-26,10:00:00,2.3,1347,-200,10.6,1000,369,510,115,1490,1450,18.4,60.2,1.2623
2005-03-26,11:00:00,2.1,1317,-200,9.3,952,366,541,124,1443,1393,19.1,57.5,1.2569
2005-03-26,12:00:00,1.9,1243,-200,8.3,912,301,579,113,1406,1227,21.2,48.4,1.2028
2005-03-26,13:00:00,1.7,1169,-200,6.6,841,232,623,104,1361,1040,22.3,43.9,1.1695
2005-03-26,14:00:00,1.3,1085,-200,5.1,769,156,711,85,1264,820,23.7,39.4,1.1366
2005-03-26,15:00:00,1.3,1177,-200,7.9,896,169,616,94,1374,1011,23.1,41.2,1.1523
2005-03-26,16:00:00,1.6,1207,-200,7.7,888,203,611,99,1382,1042,25.7,35.7,1.1626
2005-03-26,17:00:00,2.2,1269,-200,10.7,1005,260,553,112,1463,1136,24.3,38.4,1.1503
2005-03-26,18:00:00,2.3,1205,-200,10.5,996,289,559,122,1456,1101,21.9,45.1,1.1687
2005-03-26,19:00:00,2.2,1218,-200,10.9,1009,273,553,119,1486,1108,19.7,51.8,1.1779
2005-03-26,20:00:00,2,1183,-200,8.4,914,263,604,119,1387,1078,18.7,54.5,1.1644
2005-03-26,21:00:00,2.3,1242,-200,10,978,295,564,127,1449,1210,17.8,58.1,1.1742
2005-03-26,22:00:00,2.2,1263,-200,10.3,990,303,553,126,1465,1270,17.3,60.8,1.1885
2005-03-26,23:00:00,1.6,1139,-200,7.2,865,209,625,111,1362,1119,16.5,63.8,1.1873
2005-03-27,0:00:00,1.6,1166,-200,6.4,829,200,632,102,1338,1133,16.3,65.2,1.1982
2005-03-27,1:00:00,1.3,1079,-200,4.3,727,174,724,93,1275,1010,16.5,63.8,1.1896
2005-03-27,2:00:00,1,1008,-200,3.3,669,115,791,78,1241,894,16.6,63,1.1784
2005-03-27,3:00:00,1,1034,-200,3.9,707,122,740,74,1267,930,16.2,64.3,1.1729
2005-03-27,4:00:00,1,1001,-200,3.4,675,105,778,68,1260,861,15.9,65.1,1.1654
2005-03-27,5:00:00,0.8,977,-200,2.3,605,102,852,68,1212,841,15.8,65.4,1.1629
2005-03-27,6:00:00,0.7,986,-200,2.3,602,96,878,61,1211,851,15.8,65.9,1.1792
2005-03-27,7:00:00,1.1,1082,-200,4.2,720,144,697,76,1297,960,15.6,67.7,1.1911
2005-03-27,8:00:00,1.1,1068,-200,3.6,688,152,725,78,1289,926,15.2,71.5,1.2228
2005-03-27,9:00:00,1.1,1136,-200,4.4,733,156,692,79,1344,901,14.5,80.8,1.3224
2005-03-27,10:00:00,1.4,1184,-200,4.6,743,208,672,90,1369,915,15.2,81.4,1.393
2005-03-27,11:00:00,1.3,1179,-200,4.5,738,174,680,89,1335,956,15.9,77.3,1.3838
2005-03-27,12:00:00,1.5,1182,-200,5,761,206,677,97,1338,1019,17.5,67.1,1.3342
2005-03-27,13:00:00,1.3,1082,-200,3.8,700,160,759,91,1286,842,18.1,62.8,1.2916
2005-03-27,14:00:00,0.8,996,-200,2.5,620,91,820,62,1238,612,18.6,62.1,1.3224
2005-03-27,15:00:00,0.9,1024,-200,2.7,630,106,862,66,1240,544,16.2,71.9,1.3171
2005-03-27,16:00:00,1.4,1093,-200,3.5,682,199,797,104,1256,638,15.4,75.2,1.3024
2005-03-27,17:00:00,1.8,1170,-200,4.9,756,299,713,126,1341,793,14.4,80.8,1.3182
2005-03-27,18:00:00,1.6,1153,-200,4.4,734,272,712,122,1324,811,13.8,83.5,1.3154
2005-03-27,19:00:00,1.8,1220,-200,5.7,796,285,652,121,1367,896,13.9,83.6,1.3208
2005-03-27,20:00:00,2.1,1218,-200,6.3,825,307,627,126,1393,978,14.2,82.3,1.3219
2005-03-27,21:00:00,1.9,1172,-200,6,810,237,637,115,1376,964,14.1,81.4,1.3046
2005-03-27,22:00:00,1.7,1182,-200,6,812,244,650,116,1368,993,14.4,79,1.2917
2005-03-27,23:00:00,1.9,1160,-200,5.6,794,284,658,120,1356,966,14.6,77.7,1.2834
2005-03-28,0:00:00,1.6,1106,-200,4.3,728,221,722,111,1309,885,14.4,78.6,1.2839
2005-03-28,1:00:00,1.2,1031,-200,3,652,173,803,101,1256,775,14.4,78,1.2741
2005-03-28,2:00:00,1,1015,-200,2.8,640,144,821,92,1247,738,14.1,79.1,1.2665
2005-03-28,3:00:00,1,1003,-200,2.7,635,117,829,78,1235,711,13.7,80.6,1.2528
2005-03-28,4:00:00,0.8,951,-200,2,583,89,905,63,1212,624,13.9,79.6,1.2616
2005-03-28,5:00:00,0.6,938,-200,1.9,575,97,955,63,1195,585,13.8,79,1.2425
2005-03-28,6:00:00,0.6,933,-200,1.9,574,95,937,63,1201,646,13.9,78,1.2346
2005-03-28,7:00:00,1,1010,-200,3.1,656,166,815,84,1260,809,14.1,77.8,1.2445
2005-03-28,8:00:00,1,1025,-200,3.4,675,160,798,89,1257,828,15,73.2,1.2413
2005-03-28,9:00:00,1.3,1086,-200,4.9,756,176,700,101,1308,894,16.4,67.3,1.2451
2005-03-28,10:00:00,1.5,1111,-200,5.2,773,216,690,115,1331,915,17.8,61.7,1.2436
2005-03-28,11:00:00,1.6,1129,-200,5.5,788,220,692,111,1305,920,20.8,50.4,1.2213
2005-03-28,12:00:00,1.4,1097,-200,4.2,721,183,746,96,1266,807,21.6,46.8,1.1959
2005-03-28,13:00:00,1.4,1029,-200,3.3,670,154,800,87,1223,678,23.1,41.3,1.1506
2005-03-28,14:00:00,1.2,1071,-200,4.8,752,132,736,81,1289,668,23.6,39.4,1.132
2005-03-28,15:00:00,1.3,1053,-200,4.2,721,140,764,85,1216,617,25.1,34,1.068
2005-03-28,16:00:00,1.4,1055,-200,3.7,693,186,789,98,1203,598,24.7,35.6,1.0882
2005-03-28,17:00:00,1.6,1176,-200,6.2,822,213,704,109,1294,778,24.2,38.1,1.1357
2005-03-28,18:00:00,2.8,1293,-200,9.7,965,376,589,150,1399,1062,22.7,42.4,1.154
2005-03-28,19:00:00,3.7,1307,-200,12.4,1063,508,554,175,1432,1224,19.6,47.8,1.0781
2005-03-28,20:00:00,2.9,1163,-200,9.4,954,388,600,157,1369,1118,17.6,54.4,1.0839
2005-03-28,21:00:00,1.8,1103,-200,7.1,861,250,660,130,1310,964,16.2,60.6,1.1089
2005-03-28,22:00:00,1.6,1120,-200,6.1,817,232,669,120,1310,1050,15.2,65.8,1.1288
2005-03-28,23:00:00,1.7,1107,-200,6,810,229,677,114,1311,1016,14.5,68.9,1.1298
2005-03-29,0:00:00,1.5,1078,-200,5,766,184,692,100,1269,998,14.3,68.5,1.1122
2005-03-29,1:00:00,1,963,-200,2.9,646,117,834,83,1181,846,14.7,66.4,1.1006
2005-03-29,2:00:00,0.8,923,-200,2.2,596,103,908,72,1148,762,13.4,70.4,1.0793
2005-03-29,3:00:00,0.5,853,-200,1,502,66,1117,51,1087,592,14.2,65.1,1.0495
2005-03-29,4:00:00,-200,883,-200,1.3,530,63,997,46,1102,617,13.7,68.2,1.0611
2005-03-29,5:00:00,0.5,921,-200,1.9,575,95,956,58,1143,672,13.7,67.8,1.0575
2005-03-29,6:00:00,1,1031,-200,4.7,748,188,738,86,1245,890,12.9,71.8,1.0657
2005-03-29,7:00:00,3,1371,-200,16,1180,527,472,122,1632,1354,13.2,69.9,1.0543
2005-03-29,8:00:00,5.1,1519,-200,26.3,1461,623,370,140,2005,1648,14.4,65.8,1.0727
2005-03-29,9:00:00,4.3,1409,-200,18.8,1262,606,434,146,1709,1566,15.3,63.3,1.092
2005-03-29,10:00:00,3.3,1303,-200,14.4,1128,460,489,152,1573,1541,17.7,55.6,1.112
2005-03-29,11:00:00,2.4,1184,-200,10,978,346,567,147,1425,1226,19.6,49.4,1.1176
2005-03-29,12:00:00,2.4,1202,-200,12.1,1052,296,519,134,1525,1126,18.1,58.3,1.2013
2005-03-29,13:00:00,2.5,1197,-200,11.7,1040,321,530,136,1519,1147,18,57.9,1.1826
2005-03-29,14:00:00,2.3,1234,-200,12,1049,312,523,142,1516,1190,18.6,55,1.1696
2005-03-29,15:00:00,2.7,1247,-200,12.3,1059,355,508,153,1550,1212,18.3,57.9,1.2047
2005-03-29,16:00:00,2.7,1234,-200,12.3,1060,349,509,153,1504,1251,18.3,54.8,1.1403
2005-03-29,17:00:00,3.3,1339,-200,16.7,1200,385,457,155,1671,1404,18.3,53.9,1.1252
2005-03-29,18:00:00,3.9,1331,-200,15.3,1160,456,474,181,1598,1419,18.5,54.6,1.1515
2005-03-29,19:00:00,2.6,1251,-200,13.4,1097,306,502,151,1541,1328,17.1,61.5,1.191
2005-03-29,20:00:00,3.2,1267,-200,13.5,1102,402,498,159,1545,1378,16.4,62.5,1.1531
2005-03-29,21:00:00,2.3,1145,-200,9,938,340,591,151,1376,1159,15.2,64.2,1.0983
2005-03-29,22:00:00,1.4,1010,-200,4.8,752,206,740,127,1218,932,14.6,67.3,1.1102
2005-03-29,23:00:00,1.1,1025,-200,5,761,158,745,107,1237,942,13.5,70.8,1.0928
2005-03-30,0:00:00,1.2,1024,-200,4.9,759,178,721,101,1224,944,13,71.9,1.0697
2005-03-30,1:00:00,0.9,938,-200,3.4,679,118,829,80,1144,798,13,70.2,1.0457
2005-03-30,2:00:00,0.7,905,-200,2.4,615,95,885,68,1104,776,11.6,74.9,1.0224
2005-03-30,3:00:00,0.5,826,-200,1.1,512,84,1108,61,1043,636,12.5,67.4,0.9722
2005-03-30,4:00:00,0.4,879,-200,1.4,539,82,1045,56,1073,678,11.5,71.5,0.9684
2005-03-30,5:00:00,0.5,901,-200,2.1,589,122,933,70,1109,754,10.2,77.9,0.9692
2005-03-30,6:00:00,0.8,948,-200,3.8,702,146,801,78,1164,818,11,73.1,0.9554
2005-03-30,7:00:00,2.3,1250,-200,12.6,1069,397,532,106,1457,1202,10.7,73.6,0.9439
2005-03-30,8:00:00,2.9,1263,-200,14.7,1138,371,503,117,1533,1296,12.1,67.3,0.9499
